point,point_tag,model,n,num_ctx,pad_words,reps,reps_ok,statuses,all_on_gpu,vram_gb,cpu_gb,total_gb,gpu_pct,cpu_pct,vram_total_gb,cpu_total_gb,load_sec,ctx_reported,wall_time_sec,ttft_thinking_sec,ttft_content_sec,tokens_per_sec,batch_tokens_per_sec,ttft_thinking_sec_min,ttft_thinking_sec_max,ttft_content_sec_min,ttft_content_sec_max,point_elapsed_sec,output_tokens,thinking_chunks,content_chunks,load_sec_std,vram_gb_std,wall_time_sec_std,ttft_content_sec_std,tokens_per_sec_std,batch_tokens_per_sec_std,requests_ok,requests_failed,error,KVQ,NP,source_file
1,deepseek-n40-c16000,deepseek-v3.1-terminus:q4_k_m,40,16000,0,3,3,ok,True,423.3,0.0,423.3,100.0,0.0,423.3,0.0,27.4,16000.0,59.4,3.2,52.5,3.7,113.1,1.1,5.1,3.7,75.5,74.4,8411.0,173.2,35.1,47.5,0.0,4.0,4.0,0.1,4.2,120,0,,KVQ4,NP40,ollama/KVQ4/NP40/deepseek-v3.1-terminus-q4_k_m/results_avg.csv
2,deepseek-n40-c32000,deepseek-v3.1-terminus:q4_k_m,40,32000,0,3,3,ok,True,439.0,0.0,439.0,100.0,0.0,439.0,0.0,25.7,32000.0,58.2,3.3,50.9,3.6,117.0,0.9,5.2,3.3,70.4,68.4,7986.0,160.8,36.8,44.5,0.0,2.6,2.5,0.1,6.5,120,0,,KVQ4,NP40,ollama/KVQ4/NP40/deepseek-v3.1-terminus-q4_k_m/results_avg.csv
3,deepseek-n40-c64000,deepseek-v3.1-terminus:q4_k_m,40,64000,0,3,3,ok,True,470.7,0.0,470.7,100.0,0.0,470.7,0.0,18.3,64000.0,64.0,3.8,56.7,3.5,108.6,0.9,5.2,5.2,87.0,78.8,8523.3,176.1,35.0,31.6,0.0,0.7,0.7,0.1,6.2,120,0,,KVQ4,NP40,ollama/KVQ4/NP40/deepseek-v3.1-terminus-q4_k_m/results_avg.csv
4,deepseek-n40-c125k,deepseek-v3.1-terminus:q4_k_m,40,128000,0,3,0,cpu_offload,False,525.0,404.8,929.8,56.5,43.5,525.0,404.8,48.8,128000.0,,,,,,,,,,,,,,84.5,0.0,,,,,0,0,cpu_offload: deepseek-v3.1-terminus:q4_k_m=404.82GB/43.5% on CPU,KVQ4,NP40,ollama/KVQ4/NP40/deepseek-v3.1-terminus-q4_k_m/results_avg.csv
1,qwen3-n40-c16000,qwen3:32b-q8,40,16000,0,3,3,ok,True,94.8,0.0,94.8,100.0,0.0,94.8,0.0,6.5,16000.0,28.7,2.2,25.9,15.4,415.3,1.6,2.4,13.1,40.2,39.3,16282.3,366.4,35.7,11.2,0.0,1.0,1.1,0.3,17.5,120,0,,KVQ4,NP40,ollama/KVQ4/NP40/qwen3-32b-q8/results_avg.csv
2,qwen3-n40-c40000,qwen3:32b-q8,40,40000,0,3,3,ok,True,183.1,0.0,183.1,100.0,0.0,183.1,0.0,6.4,40000.0,31.5,2.5,28.8,14.8,397.6,1.7,2.9,14.0,43.9,43.1,17141.7,388.3,35.2,11.1,0.0,2.5,2.5,0.3,20.6,120,0,,KVQ4,NP40,ollama/KVQ4/NP40/qwen3-32b-q8/results_avg.csv
1,qwen3-n40-c16000,qwen3-235b-a22b:q4_k_m,40,16000,0,3,3,ok,True,184.5,0.0,184.5,100.0,0.0,184.5,0.0,11.3,16000.0,66.9,3.0,61.4,6.3,185.8,2.7,3.1,24.6,90.6,87.8,16291.3,363.2,39.1,19.5,0.0,1.9,1.8,0.2,11.0,120,0,,KVQ4,NP40,ollama/KVQ4/NP40/qwen3-235b-a22b-q4_k_m/results_avg.csv
2,qwen3-n40-c40000,qwen3-235b-a22b:q4_k_m,40,40000,0,3,3,ok,True,246.1,0.0,246.1,100.0,0.0,246.1,0.0,11.5,40000.0,70.6,3.2,64.8,6.1,184.7,2.8,3.4,32.0,96.0,90.3,16650.0,372.6,38.7,20.0,0.0,5.4,5.4,0.1,4.1,120,0,,KVQ4,NP40,ollama/KVQ4/NP40/qwen3-235b-a22b-q4_k_m/results_avg.csv
1,qwen3-n5-c16000+deepseek-n5-c16000,deepseek-v3.1-terminus:q4_k_m,5,16000,0,3,3,ok,True,412.7,0.0,412.7,100.0,0.0,468.6,0.0,24.3,16000.0,10.8,1.7,9.2,18.3,68.6,0.7,2.8,5.6,13.1,13.9,834.3,129.6,35.3,42.2,0.0,1.6,1.8,0.7,5.1,15,0,,KVQ16,NP5,ollama/KVQ16/NP5/qwen3-32b-q8_deepseek-v3.1-terminus-q4_k_m/results_avg.csv
1,qwen3-n5-c16000+deepseek-n5-c16000,qwen3:32b-q8,5,16000,0,3,3,ok,True,56.0,0.0,56.0,100.0,0.0,468.6,0.0,2.5,16000.0,12.3,0.8,11.3,34.9,146.2,0.6,0.9,8.2,14.3,13.9,2028.7,366.5,34.3,4.3,0.0,0.2,0.2,0.6,8.0,15,0,,KVQ16,NP5,ollama/KVQ16/NP5/qwen3-32b-q8_deepseek-v3.1-terminus-q4_k_m/results_avg.csv
2,qwen3-n5-c16000+deepseek-n5-c32000,deepseek-v3.1-terminus:q4_k_m,5,32000,0,3,3,ok,True,418.5,0.0,418.5,100.0,0.0,474.5,0.0,16.0,32000.0,7.8,1.5,6.2,19.1,58.7,0.5,2.8,1.3,11.6,16.4,615.0,85.0,36.0,27.8,0.0,2.0,2.0,0.7,4.5,15,0,,KVQ16,NP5,ollama/KVQ16/NP5/qwen3-32b-q8_deepseek-v3.1-terminus-q4_k_m/results_avg.csv
2,qwen3-n5-c16000+deepseek-n5-c32000,qwen3:32b-q8,5,16000,0,3,3,ok,True,56.0,0.0,56.0,100.0,0.0,474.5,0.0,3.0,16000.0,13.1,0.7,11.9,35.6,136.1,0.5,0.8,8.8,16.8,16.4,2227.0,398.7,41.7,5.3,0.0,0.6,0.9,1.3,4.4,15,0,,KVQ16,NP5,ollama/KVQ16/NP5/qwen3-32b-q8_deepseek-v3.1-terminus-q4_k_m/results_avg.csv
3,qwen3-n5-c16000+deepseek-n5-c64000,deepseek-v3.1-terminus:q4_k_m,5,64000,0,3,3,ok,True,430.3,0.0,430.3,100.0,0.0,486.2,0.0,21.4,64000.0,7.2,1.0,5.5,19.7,61.8,0.6,1.6,1.1,11.0,16.6,644.3,92.0,34.9,37.1,0.0,1.7,1.7,2.1,10.1,15,0,,KVQ16,NP5,ollama/KVQ16/NP5/qwen3-32b-q8_deepseek-v3.1-terminus-q4_k_m/results_avg.csv
3,qwen3-n5-c16000+deepseek-n5-c64000,qwen3:32b-q8,5,16000,0,3,3,ok,True,56.0,0.0,56.0,100.0,0.0,486.2,0.0,3.2,16000.0,13.9,0.7,12.8,31.9,127.4,0.6,0.8,6.3,18.2,16.6,2095.3,379.3,34.8,5.6,0.0,1.0,0.9,1.8,17.4,15,0,,KVQ16,NP5,ollama/KVQ16/NP5/qwen3-32b-q8_deepseek-v3.1-terminus-q4_k_m/results_avg.csv
4,qwen3-n5-c16000+deepseek-n5-c125k,deepseek-v3.1-terminus:q4_k_m,5,128000,0,3,3,ok,True,453.8,0.0,453.8,100.0,0.0,509.8,0.0,16.0,128000.0,10.1,1.1,8.2,19.3,66.1,0.7,1.6,0.9,16.4,18.2,897.3,137.5,39.9,27.8,0.0,2.6,2.4,0.4,7.9,15,0,,KVQ16,NP5,ollama/KVQ16/NP5/qwen3-32b-q8_deepseek-v3.1-terminus-q4_k_m/results_avg.csv
4,qwen3-n5-c16000+deepseek-n5-c125k,qwen3:32b-q8,5,16000,0,3,3,ok,True,56.0,0.0,56.0,100.0,0.0,509.8,0.0,3.2,16000.0,15.2,0.7,14.1,34.0,138.3,0.6,0.8,10.6,19.4,18.2,2473.3,451.8,37.9,5.6,0.0,1.5,1.6,0.8,4.3,15,0,,KVQ16,NP5,ollama/KVQ16/NP5/qwen3-32b-q8_deepseek-v3.1-terminus-q4_k_m/results_avg.csv
5,qwen3-n5-c40000+deepseek-n5-c16000,deepseek-v3.1-terminus:q4_k_m,5,16000,0,3,0,not_run,False,414.7,0.0,414.7,100.0,0.0,414.7,0.0,62.5,16000.0,,,,,,,,,,,,,,14.5,0.0,,,,,0,0,not_resident: qwen3:32b-q8,KVQ16,NP5,ollama/KVQ16/NP5/qwen3-32b-q8_deepseek-v3.1-terminus-q4_k_m/results_avg.csv
5,qwen3-n5-c40000+deepseek-n5-c16000,qwen3:32b-q8,5,40000,0,3,0,not_loaded,False,0.0,0.0,0.0,,,414.7,0.0,8.8,,,,,,,,,,,,,,,0.4,0.0,,,,,0,0,not_resident: qwen3:32b-q8,KVQ16,NP5,ollama/KVQ16/NP5/qwen3-32b-q8_deepseek-v3.1-terminus-q4_k_m/results_avg.csv
6,qwen3-n5-c40000+deepseek-n5-c32000,deepseek-v3.1-terminus:q4_k_m,5,32000,0,3,0,not_run,False,420.8,0.0,420.8,100.0,0.0,420.8,0.0,62.3,32000.0,,,,,,,,,,,,,,15.1,0.0,,,,,0,0,not_resident: qwen3:32b-q8,KVQ16,NP5,ollama/KVQ16/NP5/qwen3-32b-q8_deepseek-v3.1-terminus-q4_k_m/results_avg.csv
6,qwen3-n5-c40000+deepseek-n5-c32000,qwen3:32b-q8,5,40000,0,3,0,not_loaded,False,0.0,0.0,0.0,,,420.8,0.0,9.0,,,,,,,,,,,,,,,0.1,0.0,,,,,0,0,not_resident: qwen3:32b-q8,KVQ16,NP5,ollama/KVQ16/NP5/qwen3-32b-q8_deepseek-v3.1-terminus-q4_k_m/results_avg.csv
7,qwen3-n5-c40000+deepseek-n5-c64000,deepseek-v3.1-terminus:q4_k_m,5,64000,0,3,0,not_run,False,433.1,0.0,433.1,100.0,0.0,433.1,0.0,62.8,64000.0,,,,,,,,,,,,,,15.2,0.0,,,,,0,0,not_resident: qwen3:32b-q8,KVQ16,NP5,ollama/KVQ16/NP5/qwen3-32b-q8_deepseek-v3.1-terminus-q4_k_m/results_avg.csv
7,qwen3-n5-c40000+deepseek-n5-c64000,qwen3:32b-q8,5,40000,0,3,0,not_loaded,False,0.0,0.0,0.0,,,433.1,0.0,8.7,,,,,,,,,,,,,,,0.4,0.0,,,,,0,0,not_resident: qwen3:32b-q8,KVQ16,NP5,ollama/KVQ16/NP5/qwen3-32b-q8_deepseek-v3.1-terminus-q4_k_m/results_avg.csv
8,qwen3-n5-c40000+deepseek-n5-c125k,deepseek-v3.1-terminus:q4_k_m,5,128000,0,3,0,not_run,False,457.7,0.0,457.7,100.0,0.0,457.7,0.0,62.5,128000.0,,,,,,,,,,,,,,15.2,0.0,,,,,0,0,not_resident: qwen3:32b-q8,KVQ16,NP5,ollama/KVQ16/NP5/qwen3-32b-q8_deepseek-v3.1-terminus-q4_k_m/results_avg.csv
8,qwen3-n5-c40000+deepseek-n5-c125k,qwen3:32b-q8,5,40000,0,3,0,not_loaded,False,0.0,0.0,0.0,,,457.7,0.0,8.8,,,,,,,,,,,,,,,0.0,0.0,,,,,0,0,not_resident: qwen3:32b-q8,KVQ16,NP5,ollama/KVQ16/NP5/qwen3-32b-q8_deepseek-v3.1-terminus-q4_k_m/results_avg.csv
1,deepseek-n10-c16000,deepseek-v3.1-terminus:q4_k_m,10,16000,0,5,5,ok,True,420.4,0.0,420.4,100.0,0.0,420.4,0.0,9.6,16000.0,16.2,1.7,13.7,11.2,83.8,1.1,3.6,1.2,26.5,19.7,1611.2,124.1,35.0,21.4,0.0,4.3,4.2,1.6,10.0,50,0,,KVQ16,NP10,ollama/KVQ16/NP10/deepseek-v3.1-terminus-q4_k_m/results_avg.csv
2,deepseek-n10-c32000,deepseek-v3.1-terminus:q4_k_m,10,32000,0,5,5,ok,True,432.1,0.0,432.1,100.0,0.0,432.1,0.0,9.6,32000.0,12.7,1.6,10.4,12.5,87.3,0.7,3.0,1.2,20.0,16.8,1455.6,108.2,35.4,21.5,0.0,2.3,2.3,0.7,7.7,50,0,,KVQ16,NP10,ollama/KVQ16/NP10/deepseek-v3.1-terminus-q4_k_m/results_avg.csv
3,deepseek-n10-c64000,deepseek-v3.1-terminus:q4_k_m,10,64000,0,5,5,ok,True,455.7,0.0,455.7,100.0,0.0,455.7,0.0,9.6,64000.0,14.7,1.2,12.4,12.0,87.2,0.7,1.8,1.2,22.9,19.1,1661.2,128.7,35.4,21.4,0.0,4.0,3.9,1.6,5.5,50,0,,KVQ16,NP10,ollama/KVQ16/NP10/deepseek-v3.1-terminus-q4_k_m/results_avg.csv
4,deepseek-n10-c125k,deepseek-v3.1-terminus:q4_k_m,10,128000,0,5,5,ok,True,502.7,0.0,502.7,100.0,0.0,502.7,0.0,12.9,128000.0,13.0,1.2,10.6,12.3,87.3,1.0,1.8,1.2,20.0,17.5,1528.8,114.0,36.9,29.0,0.0,1.8,1.9,0.4,4.8,50,0,,KVQ16,NP10,ollama/KVQ16/NP10/deepseek-v3.1-terminus-q4_k_m/results_avg.csv
1,qwen3-n10-c16000,qwen3-235b-a22b:q4_k_m,10,16000,0,3,3,ok,True,177.3,0.0,177.3,100.0,0.0,177.3,0.0,8.5,16000.0,25.1,1.2,23.3,17.0,133.6,1.2,1.3,15.1,31.8,31.2,4162.7,373.6,37.6,14.6,0.0,0.5,0.5,0.6,3.0,30,0,,KVQ16,NP10,ollama/KVQ16/NP10/qwen3-235b-a22b-q4_k_m/results_avg.csv
2,qwen3-n10-c40000,qwen3-235b-a22b:q4_k_m,10,40000,0,3,3,ok,True,225.2,0.0,225.2,100.0,0.0,225.2,0.0,9.9,40000.0,24.8,1.2,23.0,16.5,134.9,1.0,1.3,13.9,30.9,29.3,3962.3,353.1,38.1,17.2,0.0,2.1,2.2,1.4,4.4,30,0,,KVQ16,NP10,ollama/KVQ16/NP10/qwen3-235b-a22b-q4_k_m/results_avg.csv
1,qwen3-n10-c16000,qwen3:32b-q8,10,16000,0,3,3,ok,True,77.1,0.0,77.1,100.0,0.0,77.1,0.0,2.6,16000.0,16.1,1.0,14.6,30.7,226.2,0.7,1.2,9.3,23.8,20.8,4612.3,420.0,36.2,4.4,0.0,1.6,1.3,2.5,38.8,30,0,,KVQ16,NP10,ollama/KVQ16/NP10/qwen3-32b-q8/results_avg.csv
2,qwen3-n10-c40000,qwen3:32b-q8,10,40000,0,3,3,ok,True,139.8,0.0,139.8,100.0,0.0,139.8,0.0,2.9,40000.0,15.0,0.9,13.4,30.1,220.0,0.7,1.1,9.0,19.9,19.3,4238.0,381.6,37.2,5.0,0.0,0.7,0.8,1.2,9.3,30,0,,KVQ16,NP10,ollama/KVQ16/NP10/qwen3-32b-q8/results_avg.csv
1,qwen3-n10-c16000+qwen3-n10-c16000,qwen3-235b-a22b:q4_k_m,10,16000,0,3,3,ok,True,177.3,0.0,177.3,100.0,0.0,254.4,0.0,8.6,16000.0,29.8,1.4,27.7,14.4,120.3,1.4,1.5,17.7,37.2,34.5,4159.3,370.1,40.8,15.0,0.0,1.6,1.9,1.0,5.2,30,0,,KVQ16,NP10,ollama/KVQ16/NP10/qwen3-235b-a22b-q4_k_m_qwen3-32b-q8/results_avg.csv
1,qwen3-n10-c16000+qwen3-n10-c16000,qwen3:32b-q8,10,16000,0,3,3,ok,True,77.1,0.0,77.1,100.0,0.0,254.4,0.0,2.1,16000.0,19.6,1.2,17.5,23.1,160.5,0.9,1.3,9.5,28.2,34.5,4206.3,378.4,37.2,3.6,0.0,1.4,1.4,1.6,22.3,30,0,,KVQ16,NP10,ollama/KVQ16/NP10/qwen3-235b-a22b-q4_k_m_qwen3-32b-q8/results_avg.csv
2,qwen3-n10-c16000+qwen3-n10-c40000,qwen3-235b-a22b:q4_k_m,10,16000,0,3,3,ok,True,177.3,0.0,177.3,100.0,0.0,323.0,0.0,8.8,16000.0,30.7,1.6,28.7,13.4,110.2,1.5,1.8,18.9,39.2,36.3,3981.0,353.3,39.8,15.3,0.0,1.6,1.4,0.4,7.5,30,0,,KVQ16,NP10,ollama/KVQ16/NP10/qwen3-235b-a22b-q4_k_m_qwen3-32b-q8/results_avg.csv
2,qwen3-n10-c16000+qwen3-n10-c40000,qwen3:32b-q8,10,40000,0,3,3,ok,True,145.8,0.0,145.8,100.0,0.0,323.0,0.0,4.9,40000.0,19.2,1.1,17.5,24.0,173.5,0.9,1.2,11.5,27.1,36.3,4350.3,392.1,37.9,8.4,0.0,1.5,1.6,0.4,4.6,30,0,,KVQ16,NP10,ollama/KVQ16/NP10/qwen3-235b-a22b-q4_k_m_qwen3-32b-q8/results_avg.csv
3,qwen3-n10-c40000+qwen3-n10-c16000,qwen3-235b-a22b:q4_k_m,10,40000,0,3,3,ok,True,225.2,0.0,225.2,100.0,0.0,301.9,0.0,9.0,40000.0,30.1,1.5,28.3,15.5,114.9,1.4,1.6,17.0,49.9,40.9,4648.7,422.3,37.6,15.6,0.0,2.9,2.8,1.2,8.7,30,0,,KVQ16,NP10,ollama/KVQ16/NP10/qwen3-235b-a22b-q4_k_m_qwen3-32b-q8/results_avg.csv
3,qwen3-n10-c40000+qwen3-n10-c16000,qwen3:32b-q8,10,16000,0,3,3,ok,True,76.7,0.0,76.7,100.0,0.0,301.9,0.0,2.3,16000.0,19.0,1.1,17.1,23.7,183.5,0.9,1.3,9.5,28.5,40.9,4206.3,379.3,36.4,4.0,0.0,2.3,2.0,2.3,35.4,30,0,,KVQ16,NP10,ollama/KVQ16/NP10/qwen3-235b-a22b-q4_k_m_qwen3-32b-q8/results_avg.csv
4,qwen3-n10-c40000+qwen3-n10-c40000,qwen3-235b-a22b:q4_k_m,10,40000,0,3,3,ok,True,225.2,0.0,225.2,100.0,0.0,370.9,0.0,9.8,40000.0,31.4,1.5,29.5,14.1,112.4,1.4,1.6,16.9,40.2,38.5,4327.3,388.5,39.3,16.9,0.0,1.7,1.8,0.1,3.6,30,0,,KVQ16,NP10,ollama/KVQ16/NP10/qwen3-235b-a22b-q4_k_m_qwen3-32b-q8/results_avg.csv
4,qwen3-n10-c40000+qwen3-n10-c40000,qwen3:32b-q8,10,40000,0,3,3,ok,True,145.8,0.0,145.8,100.0,0.0,370.9,0.0,4.7,40000.0,19.6,1.1,17.9,24.0,185.8,0.8,1.3,13.1,24.1,38.5,4439.7,400.9,38.1,8.2,0.0,1.1,1.1,0.3,3.8,30,0,,KVQ16,NP10,ollama/KVQ16/NP10/qwen3-235b-a22b-q4_k_m_qwen3-32b-q8/results_avg.csv
1,qwen3-n20-c16000,qwen3-235b-a22b:q4_k_m,20,16000,0,3,3,ok,True,270.5,0.0,270.5,100.0,0.0,270.5,0.0,9.8,16000.0,44.3,2.2,41.1,9.7,152.5,1.5,2.8,22.1,59.2,54.4,8168.3,364.3,39.1,16.9,0.0,6.9,6.4,1.8,25.3,60,0,,KVQ16,NP40,ollama/KVQ16/NP40/qwen3-235b-a22b-q4_k_m/results_avg.csv
2,qwen3-n20-c40000,qwen3-235b-a22b:q4_k_m,20,40000,0,3,3,ok,True,457.4,0.0,457.4,100.0,0.0,457.4,0.0,10.1,40000.0,45.2,2.5,42.2,10.3,156.9,1.5,3.4,19.0,59.3,56.6,8888.0,401.8,37.6,17.4,0.0,3.4,3.2,1.6,15.7,60,0,,KVQ16,NP40,ollama/KVQ16/NP40/qwen3-235b-a22b-q4_k_m/results_avg.csv
3,qwen3-n40-c16000,qwen3-235b-a22b:q4_k_m,40,16000,0,3,3,ok,True,270.5,0.0,270.5,100.0,0.0,270.5,0.0,9.0,16000.0,55.0,3.3,50.2,7.5,218.2,2.6,3.7,28.0,74.2,72.0,15707.0,349.4,38.3,15.7,0.0,1.2,1.2,0.1,4.0,120,0,,KVQ16,NP40,ollama/KVQ16/NP40/qwen3-235b-a22b-q4_k_m/results_avg.csv
4,qwen3-n40-c40000,qwen3-235b-a22b:q4_k_m,40,40000,0,3,3,ok,True,457.4,0.0,457.4,100.0,0.0,457.4,0.0,9.0,40000.0,56.7,3.5,52.1,7.6,215.0,2.5,4.2,27.8,85.7,76.8,16451.0,367.6,38.6,15.6,0.0,3.6,3.6,0.0,10.3,120,0,,KVQ16,NP40,ollama/KVQ16/NP40/qwen3-235b-a22b-q4_k_m/results_avg.csv
1,qwen3-n40-c16000+qwen3-n40-c16000,qwen3-235b-a22b:q4_k_m,40,16000,0,1,1,ok,True,270.5,0.0,270.5,100.0,0.0,478.5,0.0,28.9,16000.0,69.0,3.6,63.7,5.9,180.5,3.5,3.6,40.0,87.0,87.5,15792.0,351.5,38.3,0.0,0.0,0.0,0.0,0.0,0.0,40,0,,KVQ16,NP40,ollama/KVQ16/NP40/qwen3-235b-a22b-q4_k_m_qwen3-32b-q8/results_avg.csv
1,qwen3-n40-c16000+qwen3-n40-c16000,qwen3:32b-q8,40,16000,0,1,1,ok,True,208.0,0.0,208.0,100.0,0.0,478.5,0.0,13.9,16000.0,32.2,2.4,28.7,14.5,379.7,2.4,2.5,17.9,44.9,87.5,17362.0,391.3,37.8,0.0,0.0,0.0,0.0,0.0,0.0,40,0,,KVQ16,NP40,ollama/KVQ16/NP40/qwen3-235b-a22b-q4_k_m_qwen3-32b-q8/results_avg.csv
2,qwen3-n40-c16000+qwen3-n40-c40000,qwen3-235b-a22b:q4_k_m,40,16000,0,1,0,not_loaded,False,0.0,0.0,0.0,,,462.0,0.0,26.7,,,,,,,,,,,,,,,0.0,0.0,,,,,0,0,not_resident: qwen3-235b-a22b:q4_k_m,KVQ16,NP40,ollama/KVQ16/NP40/qwen3-235b-a22b-q4_k_m_qwen3-32b-q8/results_avg.csv
2,qwen3-n40-c16000+qwen3-n40-c40000,qwen3:32b-q8,40,40000,0,1,0,not_run,False,462.0,0.0,462.0,100.0,0.0,462.0,0.0,18.7,40000.0,,,,,,,,,,,,,,0.0,0.0,,,,,0,0,not_resident: qwen3-235b-a22b:q4_k_m,KVQ16,NP40,ollama/KVQ16/NP40/qwen3-235b-a22b-q4_k_m_qwen3-32b-q8/results_avg.csv
3,qwen3-n40-c40000+qwen3-n40-c16000,qwen3-235b-a22b:q4_k_m,40,40000,0,1,0,not_loaded,False,0.0,0.0,0.0,,,208.0,0.0,26.7,,,,,,,,,,,,,,,0.0,0.0,,,,,0,0,not_resident: qwen3-235b-a22b:q4_k_m,KVQ16,NP40,ollama/KVQ16/NP40/qwen3-235b-a22b-q4_k_m_qwen3-32b-q8/results_avg.csv
3,qwen3-n40-c40000+qwen3-n40-c16000,qwen3:32b-q8,40,16000,0,1,0,not_run,False,208.0,0.0,208.0,100.0,0.0,208.0,0.0,18.8,16000.0,,,,,,,,,,,,,,0.0,0.0,,,,,0,0,not_resident: qwen3-235b-a22b:q4_k_m,KVQ16,NP40,ollama/KVQ16/NP40/qwen3-235b-a22b-q4_k_m_qwen3-32b-q8/results_avg.csv
4,qwen3-n40-c40000+qwen3-n40-c40000,qwen3-235b-a22b:q4_k_m,40,40000,0,1,0,not_loaded,False,0.0,0.0,0.0,,,462.0,0.0,26.4,,,,,,,,,,,,,,,0.0,0.0,,,,,0,0,not_resident: qwen3-235b-a22b:q4_k_m,KVQ16,NP40,ollama/KVQ16/NP40/qwen3-235b-a22b-q4_k_m_qwen3-32b-q8/results_avg.csv
4,qwen3-n40-c40000+qwen3-n40-c40000,qwen3:32b-q8,40,40000,0,1,0,not_run,False,462.0,0.0,462.0,100.0,0.0,462.0,0.0,18.6,40000.0,,,,,,,,,,,,,,0.0,0.0,,,,,0,0,not_resident: qwen3-235b-a22b:q4_k_m,KVQ16,NP40,ollama/KVQ16/NP40/qwen3-235b-a22b-q4_k_m_qwen3-32b-q8/results_avg.csv
1,deepseek-n40-c32000,deepseek-v3.1-terminus:q4_k_m,40,32000,0,2,2,ok,True,499.6,0.0,499.6,100.0,0.0,499.6,0.0,39.3,32000.0,39.5,7.1,32.9,4.4,114.4,3.2,11.9,3.9,50.7,50.8,5814.5,107.7,35.7,55.6,0.0,2.1,1.9,0.1,19.1,80,0,,KVQ16,NP40,ollama/KVQ16/NP40/deepseek-v3.1-terminus-q4_k_m/results_avg.csv
2,deepseek-n40-c64000,deepseek-v3.1-terminus:q4_k_m,40,64000,0,2,0,cpu_offload,False,585.5,402.7,988.2,59.2,40.8,585.5,402.7,74.0,64000.0,,,,,,,,,,,,,,104.6,0.0,,,,,0,0,cpu_offload: deepseek-v3.1-terminus:q4_k_m=402.72GB/40.8% on CPU,KVQ16,NP40,ollama/KVQ16/NP40/deepseek-v3.1-terminus-q4_k_m/results_avg.csv
3,deepseek-n40-c125k,deepseek-v3.1-terminus:q4_k_m,40,128000,0,2,0,cpu_offload,False,579.4,404.8,984.2,58.9,41.1,579.4,404.8,76.8,128000.0,,,,,,,,,,,,,,108.6,0.0,,,,,0,0,cpu_offload: deepseek-v3.1-terminus:q4_k_m=404.81GB/41.1% on CPU,KVQ16,NP40,ollama/KVQ16/NP40/deepseek-v3.1-terminus-q4_k_m/results_avg.csv
1,qwen3-n40-c16000,qwen3:32b-q8,40,16000,0,3,3,ok,True,208.0,0.0,208.0,100.0,0.0,208.0,0.0,5.3,16000.0,26.3,2.8,23.9,18.5,504.3,1.7,3.6,15.1,35.7,34.5,17353.3,392.1,36.7,9.3,0.0,1.6,1.7,0.2,18.4,120,0,,KVQ16,NP40,ollama/KVQ16/NP40/qwen3-32b-q8/results_avg.csv
2,qwen3-n40-c40000,qwen3:32b-q8,40,40000,0,3,3,ok,True,462.0,0.0,462.0,100.0,0.0,462.0,0.0,5.5,40000.0,27.2,3.1,24.9,18.1,485.2,1.2,4.0,14.0,36.0,36.1,17503.3,396.4,36.1,9.6,0.0,1.7,1.4,0.1,12.0,120,0,,KVQ16,NP40,ollama/KVQ16/NP40/qwen3-32b-q8/results_avg.csv
1,qwen3-n40-c16000+qwen3-n40-c16000,qwen3-235b-a22b:q4_k_m,40,16000,0,3,3,ok,True,215.5,0.0,215.5,100.0,0.0,352.5,0.0,10.8,16000.0,78.1,3.8,72.4,5.4,164.2,3.6,3.9,40.5,102.4,98.9,16243.0,363.6,37.4,18.7,0.0,0.2,0.4,0.1,3.7,120,0,,KVQ8,NP40,ollama/KVQ8/NP40/qwen3-235b-a22b-q4_k_m_qwen3-32b-q8/results_avg.csv
1,qwen3-n40-c16000+qwen3-n40-c16000,qwen3:32b-q8,40,16000,0,3,3,ok,True,137.0,0.0,137.0,100.0,0.0,352.5,0.0,5.9,16000.0,42.2,3.2,38.0,11.7,305.9,2.4,3.7,22.6,61.4,98.9,18130.3,411.6,36.7,10.2,0.0,0.7,0.5,0.3,22.3,120,0,,KVQ8,NP40,ollama/KVQ8/NP40/qwen3-235b-a22b-q4_k_m_qwen3-32b-q8/results_avg.csv
2,qwen3-n40-c16000+qwen3-n40-c40000,qwen3-235b-a22b:q4_k_m,40,16000,0,3,0,not_loaded,False,0.0,0.0,0.0,,,288.5,0.0,33.2,,,,,,,,,,,,,,,0.6,0.0,,,,,0,0,not_resident: qwen3-235b-a22b:q4_k_m,KVQ8,NP40,ollama/KVQ8/NP40/qwen3-235b-a22b-q4_k_m_qwen3-32b-q8/results_avg.csv
2,qwen3-n40-c16000+qwen3-n40-c40000,qwen3:32b-q8,40,40000,0,3,0,not_run,False,288.5,0.0,288.5,100.0,0.0,288.5,0.0,22.1,40000.0,,,,,,,,,,,,,,3.0,0.0,,,,,0,0,not_resident: qwen3-235b-a22b:q4_k_m,KVQ8,NP40,ollama/KVQ8/NP40/qwen3-235b-a22b-q4_k_m_qwen3-32b-q8/results_avg.csv
3,qwen3-n40-c40000+qwen3-n40-c16000,qwen3-235b-a22b:q4_k_m,40,40000,0,3,3,ok,True,323.4,0.0,323.4,100.0,0.0,460.5,0.0,10.9,40000.0,79.0,4.7,73.0,5.4,159.6,4.0,5.2,36.9,103.8,102.4,16335.0,364.8,38.6,18.9,0.0,2.3,1.9,0.2,1.4,120,0,,KVQ8,NP40,ollama/KVQ8/NP40/qwen3-235b-a22b-q4_k_m_qwen3-32b-q8/results_avg.csv
3,qwen3-n40-c40000+qwen3-n40-c16000,qwen3:32b-q8,40,16000,0,3,3,ok,True,137.0,0.0,137.0,100.0,0.0,460.5,0.0,5.8,16000.0,42.8,3.3,38.5,11.5,306.9,1.4,4.1,23.0,60.8,102.4,18107.0,411.4,36.2,10.0,0.0,0.9,1.1,0.3,11.7,120,0,,KVQ8,NP40,ollama/KVQ8/NP40/qwen3-235b-a22b-q4_k_m_qwen3-32b-q8/results_avg.csv
4,qwen3-n40-c40000+qwen3-n40-c40000,qwen3-235b-a22b:q4_k_m,40,40000,0,3,0,not_loaded,False,0.0,0.0,0.0,,,288.5,0.0,33.2,,,,,,,,,,,,,,,0.6,0.0,,,,,0,0,not_resident: qwen3-235b-a22b:q4_k_m,KVQ8,NP40,ollama/KVQ8/NP40/qwen3-235b-a22b-q4_k_m_qwen3-32b-q8/results_avg.csv
4,qwen3-n40-c40000+qwen3-n40-c40000,qwen3:32b-q8,40,40000,0,3,0,not_run,False,288.5,0.0,288.5,100.0,0.0,288.5,0.0,20.2,40000.0,,,,,,,,,,,,,,0.1,0.0,,,,,0,0,not_resident: qwen3-235b-a22b:q4_k_m,KVQ8,NP40,ollama/KVQ8/NP40/qwen3-235b-a22b-q4_k_m_qwen3-32b-q8/results_avg.csv
1,deepseek-n40-c16000,deepseek-v3.1-terminus:q4_k_m,40,16000,0,3,3,ok,True,434.6,0.0,434.6,100.0,0.0,434.6,0.0,25.0,16000.0,37.7,3.1,30.7,4.1,114.4,1.1,4.8,3.3,52.0,51.5,5895.0,109.6,35.7,43.3,0.0,2.3,2.4,0.1,4.3,120,0,,KVQ8,NP40,ollama/KVQ8/NP40/deepseek-v3.1-terminus-q4_k_m/results_avg.csv
2,deepseek-n40-c32000,deepseek-v3.1-terminus:q4_k_m,40,32000,0,3,3,ok,True,461.5,0.0,461.5,100.0,0.0,461.5,0.0,18.6,32000.0,35.6,3.5,28.7,4.3,115.0,2.4,5.0,2.5,57.4,51.2,5872.3,108.8,36.0,32.3,0.0,2.8,2.7,0.1,5.1,120,0,,KVQ8,NP40,ollama/KVQ8/NP40/deepseek-v3.1-terminus-q4_k_m/results_avg.csv
3,deepseek-n40-c64000,deepseek-v3.1-terminus:q4_k_m,40,64000,0,3,3,ok,True,515.7,0.0,515.7,100.0,0.0,515.7,0.0,19.7,64000.0,42.2,3.8,35.2,4.0,111.9,0.9,5.6,3.3,57.3,56.3,6303.7,119.7,35.9,34.1,0.0,2.6,3.0,0.0,4.0,120,0,,KVQ8,NP40,ollama/KVQ8/NP40/deepseek-v3.1-terminus-q4_k_m/results_avg.csv
4,deepseek-n40-c125k,deepseek-v3.1-terminus:q4_k_m,40,128000,0,3,0,cpu_offload,False,568.0,404.8,972.8,58.4,41.6,568.0,404.8,54.3,128000.0,,,,,,,,,,,,,,94.1,0.0,,,,,0,0,cpu_offload: deepseek-v3.1-terminus:q4_k_m=404.81GB/41.6% on CPU,KVQ8,NP40,ollama/KVQ8/NP40/deepseek-v3.1-terminus-q4_k_m/results_avg.csv
1,qwen3-n40-c16000,qwen3:32b-q8,40,16000,0,3,3,ok,True,137.0,0.0,137.0,100.0,0.0,137.0,0.0,6.0,16000.0,30.9,2.3,28.2,15.8,436.5,1.5,2.8,15.0,43.6,41.4,18040.3,409.0,37.0,10.4,0.0,1.6,1.7,0.4,15.8,120,0,,KVQ8,NP40,ollama/KVQ8/NP40/qwen3-32b-q8/results_avg.csv
2,qwen3-n40-c40000,qwen3:32b-q8,40,40000,0,3,3,ok,True,288.5,0.0,288.5,100.0,0.0,288.5,0.0,6.0,40000.0,31.6,2.9,28.8,15.6,444.6,1.6,3.5,18.0,40.5,40.5,17980.0,407.8,36.7,10.4,0.0,2.0,1.9,0.2,8.1,120,0,,KVQ8,NP40,ollama/KVQ8/NP40/qwen3-32b-q8/results_avg.csv
1,qwen3-n40-c16000,qwen3-235b-a22b:q4_k_m,40,16000,0,3,3,ok,True,215.5,0.0,215.5,100.0,0.0,215.5,0.0,8.7,16000.0,63.8,3.2,58.5,6.7,190.4,2.7,3.5,30.1,98.2,86.9,16475.3,368.6,38.3,15.0,0.0,2.6,2.4,0.1,10.5,120,0,,KVQ8,NP40,ollama/KVQ8/NP40/qwen3-235b-a22b-q4_k_m/results_avg.csv
2,qwen3-n40-c40000,qwen3-235b-a22b:q4_k_m,40,40000,0,3,3,ok,True,323.4,0.0,323.4,100.0,0.0,323.4,0.0,11.1,40000.0,64.3,3.2,58.9,6.7,192.7,2.6,3.5,31.3,91.6,86.1,16571.0,370.5,38.7,19.3,0.0,3.4,3.2,0.1,4.3,120,0,,KVQ8,NP40,ollama/KVQ8/NP40/qwen3-235b-a22b-q4_k_m/results_avg.csv
