point,rep,model,request_number,response,char_length,response_time_sec
1,1,qwen3-235b-a22b:q4_k_m,1,A KV Cache is an in-memory key-value store that temporarily holds frequently accessed or computationally expensive data to accelerate retrieval speed; reduce latency; and optimize system performance by minimizing redundant operations or disk/database queries.,259,110.5588
1,1,qwen3-235b-a22b:q4_k_m,2,A KV (Key-Value) cache is a high-speed; temporary storage system that maps unique keys to associated values; enabling rapid data retrieval and updates by directly indexing items via their keys using efficient structures like hash tables.,237,110.8815
1,1,qwen3-235b-a22b:q4_k_m,3,A KV Cache is an in-memory key-value store that temporarily holds frequently accessed data to accelerate retrieval speeds and reduce latency in applications like databases and distributed systems.,196,83.9647
1,1,qwen3-235b-a22b:q4_k_m,4,A KV (Key-Value) cache is a high-performance storage mechanism that temporarily holds key-value pairs in memory to accelerate data access by reducing redundant computations or costly database lookups.,200,50.9643
1,1,qwen3-235b-a22b:q4_k_m,5,A KV Cache is a fast; temporary storage mechanism that holds recently or frequently accessed key-value pairs to accelerate data retrieval by reducing reliance on slower primary storage systems.,193,80.9035
1,1,qwen3-235b-a22b:q4_k_m,6,A KV (Key-Value) Cache is a high-speed temporary storage mechanism that maps keys to precomputed values; enabling rapid retrieval of frequently accessed data while reducing redundant computation or backend queries to improve system performance.,244,97.7542
1,1,qwen3-235b-a22b:q4_k_m,7,A KV (Key-Value) Cache is a high-performance; in-memory storage system that temporarily holds data as key-value pairs; enabling rapid access and reducing latency by avoiding slower primary data sources.,202,62.9653
1,1,qwen3-235b-a22b:q4_k_m,8,A KV Cache is a high-speed temporary storage system that maps unique keys to corresponding values; enabling rapid data retrieval through direct key-based access.,161,93.9131
1,1,qwen3-235b-a22b:q4_k_m,9,A KV (Key-Value) Cache is a high-performance; temporary storage system that maps unique keys to associated values; enabling fast data retrieval by key while minimizing redundant computations or database queries.,211,56.5427
1,1,qwen3-235b-a22b:q4_k_m,10,A KV (Key-Value) Cache is a high-speed; temporary storage mechanism that stores key-value pairs to accelerate data access by reusing previously computed or retrieved values associated with specific keys.,203,92.4223
1,1,qwen3-235b-a22b:q4_k_m,11,A KV Cache (Key-Value Cache) is a high-speed; in-memory storage system that maps unique keys to their corresponding values; enabling efficient data retrieval by temporarily storing frequently accessed key-value pairs.,217,74.6555
1,1,qwen3-235b-a22b:q4_k_m,12,A KV (Key-Value) Cache is a high-speed; temporary storage system that maps keys to values; enabling rapid access to frequently requested data by minimizing redundant queries to slower primary storage systems.,208,89.4272
1,1,qwen3-235b-a22b:q4_k_m,13,A KV Cache (Key-Value Cache) is a high-speed; temporary storage system that maps unique keys to associated values; enabling rapid data retrieval while reducing access latency to slower backend databases or persistent storage.,225,66.9867
1,1,qwen3-235b-a22b:q4_k_m,14,A Key-Value (KV) Cache is a high-speed in-memory storage system that temporarily holds frequently accessed data as key-value pairs; enabling rapid retrieval and reducing latency by avoiding slower primary data sources.,218,100.6333
1,1,qwen3-235b-a22b:q4_k_m,15,A KV cache is an in-memory data structure that stores items as key-value pairs for rapid access and reduced latency; temporarily holding frequently used data to avoid repeated fetches from slower persistent storage systems.,223,83.1111
1,1,qwen3-235b-a22b:q4_k_m,16,A KV Cache is an in-memory storage system that temporarily stores data as key-value pairs to accelerate retrieval by enabling quick lookups and minimizing latency.,163,92.5671
1,1,qwen3-235b-a22b:q4_k_m,17,A KV (Key-Value) cache is a high-speed storage mechanism that stores data as key-value pairs in memory; enabling rapid access and reducing redundant computation or backend queries.,180,82.2344
1,1,qwen3-235b-a22b:q4_k_m,18,A Key-Value (KV) Cache is an in-memory storage system that organizes data as key-value pairs; enabling rapid data retrieval by directly mapping unique keys to their associated values for high-performance access.,211,114.1066
1,1,qwen3-235b-a22b:q4_k_m,19,A KV Cache is a high-speed; in-memory key-value store used to temporarily hold and rapidly retrieve frequently accessed data by associating each value with a unique key for efficient lookups.,191,104.7447
1,1,qwen3-235b-a22b:q4_k_m,20,A KV Cache is an in-memory storage system that uses key-value pairs to rapidly store and retrieve temporary data; reducing access latency by serving frequent requests directly from memory instead of slower persistent storage.,225,103.5098
1,1,qwen3-235b-a22b:q4_k_m,21,A KV Cache is a high-speed temporary storage system that uses key-value pairs to enable rapid data access by associating each value with a unique identifier (key).,163,87.8673
1,1,qwen3-235b-a22b:q4_k_m,22,A KV Cache is a high-speed in-memory storage system that caches data as key-value pairs; enabling fast retrieval by key while minimizing redundant computations or slower database queries.,187,97.1897
1,1,qwen3-235b-a22b:q4_k_m,23,A **KV Cache** (Key-Value Cache) is a high-speed; temporary storage system that stores data as key-value pairs; enabling fast retrieval of frequently accessed information by directly mapping unique keys to their associated values.,230,69.9968
1,1,qwen3-235b-a22b:q4_k_m,24,A KV Cache is a high-speed; in-memory storage system that temporarily retains key-value pairs to expedite data access by minimizing slower disk or network lookups.,163,90.5113
1,1,qwen3-235b-a22b:q4_k_m,25,A KV Cache is a high-speed; temporary storage mechanism that stores and retrieves data as key-value pairs in memory to accelerate access to frequently used information.,168,57.088
1,1,qwen3-235b-a22b:q4_k_m,26,A KV Cache (Key-Value Cache) is an in-memory data storage mechanism that stores information as key-value pairs; enabling rapid access and temporary retention of frequently used data to enhance application performance.,217,76.3009
1,1,qwen3-235b-a22b:q4_k_m,27,A KV (Key-Value) Cache is a high-speed temporary storage system that stores data as key-value pairs; enabling rapid retrieval while managing limited space by evicting less-used entries using policies like LRU or FIFO.,217,82.4558
1,1,qwen3-235b-a22b:q4_k_m,28,A KV (Key-Value) Cache is a high-speed in-memory storage system that temporarily holds frequently accessed data as key-value pairs; enabling rapid retrieval while minimizing slower backend database queries.,206,81.3283
1,1,qwen3-235b-a22b:q4_k_m,29,A KV Cache is a temporary storage system where data is stored as key-value pairs; enabling rapid retrieval of frequently accessed information by associating each value with a unique key.,186,112.2055
1,1,qwen3-235b-a22b:q4_k_m,30,A KV Cache is an in-memory key-value storage system that temporarily stores frequently accessed data to accelerate retrieval operations by minimizing reliance on slower; persistent storage mechanisms.,200,112.5425
1,1,qwen3-235b-a22b:q4_k_m,31,A KV Cache is an in-memory storage system that organizes data as key-value pairs; allowing fast access and efficient caching by mapping unique keys to their corresponding values.,178,86.3702
1,1,qwen3-235b-a22b:q4_k_m,32,A KV (Key-Value) cache is a high-performance; in-memory storage system that temporarily stores data as key-value pairs to enable rapid access and reduce latency by serving frequent or computationally expensive queries directly from memory instead of slower persistent storage.,276,63.7861
1,1,qwen3-235b-a22b:q4_k_m,33,A Key-Value (KV) Cache is a high-speed temporary storage system that maps keys to frequently accessed data values; enabling rapid retrieval by minimizing reliance on slower primary storage sources.,197,101.2046
1,1,qwen3-235b-a22b:q4_k_m,34,A KV Cache is a high-speed temporary storage system that organizes data into key-value pairs; enabling efficient and rapid retrieval of information by directly associating unique keys with their corresponding values in low-latency environments like databases and caching layers.,278,105.7197
1,1,qwen3-235b-a22b:q4_k_m,35,A KV Cache (Key-Value Cache) is a high-performance storage mechanism that stores and retrieves data as key-value pairs; optimizing quick access to frequently used information by associating each value with a unique key.,219,85.3615
1,1,qwen3-235b-a22b:q4_k_m,36,A KV (Key-Value) Cache is a high-speed; temporary storage system that stores data as key-value pairs; enabling rapid access and reducing computational redundancy or reliance on slower persistent storage.,203,69.963
1,1,qwen3-235b-a22b:q4_k_m,37,A KV Cache is a high-speed storage mechanism that maps unique keys to associated values; enabling efficient data retrieval by caching frequently accessed key-value pairs in memory or fast storage.,196,51.5902
1,1,qwen3-235b-a22b:q4_k_m,38,A **KV Cache** (Key-Value Cache) is a high-speed; in-memory storage system that maps keys to values for efficient data retrieval; reducing latency by temporarily storing frequently accessed information.,202,93.8731
1,1,qwen3-235b-a22b:q4_k_m,39,A KV (Key-Value) cache is a high-speed temporary storage mechanism that stores data as key-value pairs; enabling rapid lookup and retrieval of frequently accessed information by associating each value with a unique key.,219,80.619
1,1,qwen3-235b-a22b:q4_k_m,40,A KV (Key-Value) cache is a high-performance; temporary storage mechanism that maps unique keys to associated values; enabling rapid data retrieval while minimizing latency by storing frequently accessed information closer to the application.,242,76.0615
1,1,qwen3-235b-a22b:q4_k_m,41,A KV (Key-Value) cache is a high-speed; temporary storage mechanism that stores data as key-value pairs; allowing efficient and quick access to frequently used information by retrieving values based on their associated keys.,224,78.0915
1,1,qwen3-235b-a22b:q4_k_m,42,A KV (Key-Value) cache is a high-speed temporary storage system that stores data as key-value pairs; allowing rapid access and reuse of frequently requested or computationally expensive results by associating them with unique keys.,231,50.2861
1,1,qwen3-235b-a22b:q4_k_m,43,A KV Cache is a high-speed data storage system that maps unique keys to corresponding values; enabling rapid retrieval of frequently accessed information by key lookup while minimizing redundant computations or backend queries.,227,86.5589
1,1,qwen3-235b-a22b:q4_k_m,44,A KV (Key-Value) cache is a fast; temporary storage system that maps keys to precomputed values to reduce redundant computation or slow database queries; enhancing performance by serving frequent requests directly from memory.,226,85.552
1,1,qwen3-235b-a22b:q4_k_m,45,A KV (Key-Value) Cache is a high-speed storage mechanism that temporarily stores data as key-value pairs; enabling efficient retrieval by directly mapping keys to their associated values while minimizing redundant computations or slower backend lookups.,253,73.8701
1,1,qwen3-235b-a22b:q4_k_m,46,A KV Cache is an in-memory data structure that stores key-value pairs temporarily to accelerate data retrieval by reducing redundant computations or expensive disk/database accesses.,182,89.8637
1,1,qwen3-235b-a22b:q4_k_m,47,A KV (Key-Value) cache is a high-speed temporary storage system that stores and retrieves data as key-value pairs; optimizing performance by reducing access latency to frequently used information.,196,51.3585
1,1,qwen3-235b-a22b:q4_k_m,48,A KV Cache is a high-speed temporary storage system that organizes data as key-value pairs; allowing efficient lookups and retrievals using unique keys to access corresponding cached values.,190,80.8473
1,1,qwen3-235b-a22b:q4_k_m,49,A KV Cache (Key-Value Cache) is a high-speed in-memory storage system that temporarily holds frequently accessed data as key-value pairs to accelerate retrieval and reduce latency by leveraging efficient eviction strategies like LRU or TTL.,240,89.2133
1,1,qwen3-235b-a22b:q4_k_m,50,A KV Cache is an in-memory data structure that stores items as key-value pairs to enable fast retrieval while managing limited space through eviction policies like LRU or LFU.,175,77.6299
1,1,qwen3-235b-a22b:q4_k_m,51,A KV (Key-Value) Cache is a high-speed temporary storage system that stores and retrieves data using unique keys; optimizing performance by keeping frequently accessed key-value pairs readily available in memory.,212,55.9448
1,1,qwen3-235b-a22b:q4_k_m,52,A KV (Key-Value) Cache is a high-speed; in-memory storage system that temporarily holds key-value pairs to accelerate data access by reusing frequent or costly-to-retrieve information.,184,86.922
1,1,qwen3-235b-a22b:q4_k_m,53,A KV Cache is an in-memory storage system that stores data as key-value pairs to enable fast retrieval and reduce latency by minimizing repeated queries to slower persistent databases.,184,94.3203
1,1,qwen3-235b-a22b:q4_k_m,54,A KV Cache is a high-speed temporary storage system that maps keys to values; enabling rapid data retrieval by caching frequently accessed key-value pairs in memory or low-latency storage.,188,76.7197
1,1,qwen3-235b-a22b:q4_k_m,55,A Key-Value (KV) Cache is a high-speed temporary storage system that maps unique keys to associated values; enabling efficient caching and rapid retrieval of frequently accessed data by leveraging key-based lookups.,215,113.4198
1,1,qwen3-235b-a22b:q4_k_m,56,A KV Cache is a high-speed storage system that maps unique keys to their associated values; enabling constant-time data retrieval while employing eviction strategies like LRU to manage limited memory resources efficiently.,222,109.6971
1,1,qwen3-235b-a22b:q4_k_m,57,A KV Cache is an in-memory storage system that maps keys to values for fast access and efficient caching of frequently used data.,129,112.6804
1,1,qwen3-235b-a22b:q4_k_m,58,A KV (Key-Value) cache is a high-speed temporary storage system that stores data as key-value pairs; allowing efficient retrieval of frequently accessed information by directly mapping keys to their corresponding values in memory.,230,67.7414
1,1,qwen3-235b-a22b:q4_k_m,59,A KV (Key-Value) cache is a high-performance; temporary storage system that stores data as key-value pairs; enabling rapid retrieval and updates by directly accessing values through their unique keys.,200,55.3565
1,1,qwen3-235b-a22b:q4_k_m,60,A Key-Value (KV) Cache is a high-speed; temporary storage system that maps unique keys to associated values; enabling efficient data retrieval by minimizing redundant computations or database queries.,200,103.6862
1,2,qwen3-235b-a22b:q4_k_m,1,A KV Cache is a high-speed in-memory storage system that uses key-value pairs to temporarily hold frequently accessed data; enabling rapid retrieval by directly mapping keys to their cached values.,197,114.0249
1,2,qwen3-235b-a22b:q4_k_m,2,A KV (Key-Value) Cache is a high-performance; temporary storage mechanism that maps unique keys to associated values; enabling rapid data access and reducing latency by storing frequently used items in memory.,209,70.2713
1,2,qwen3-235b-a22b:q4_k_m,3,A KV (Key-Value) Cache is a high-speed; temporary storage system that maps unique keys to associated values; enabling efficient data retrieval by directly accessing stored results via their keys.,195,64.7696
1,2,qwen3-235b-a22b:q4_k_m,4,A KV Cache is a high-speed temporary storage system that organizes data as key-value pairs; allowing efficient and rapid retrieval of values using their unique keys.,165,102.2668
1,2,qwen3-235b-a22b:q4_k_m,5,A KV (Key-Value) Cache is an in-memory data structure that stores items as key-value pairs; enabling fast data retrieval by using unique keys to directly access associated values.,179,105.9447
1,2,qwen3-235b-a22b:q4_k_m,6,A Key-Value (KV) cache is an in-memory data structure that stores items as key-value pairs to enable fast retrieval and reduce redundant computation or database queries by temporarily holding frequently accessed data.,217,81.1622
1,2,qwen3-235b-a22b:q4_k_m,7,A KV (Key-Value) cache is a high-speed temporary storage system that stores and retrieves data as key-value pairs; optimizing performance by reducing access latency for frequently requested information.,202,54.5591
1,2,qwen3-235b-a22b:q4_k_m,8,A Key-Value (KV) Cache is a high-speed; in-memory storage system that temporarily stores key-value pairs—where each unique key corresponds to a computed result or frequently accessed data—to accelerate future access by eliminating redundant computations or costly database lookups.,281,91.9222
1,2,qwen3-235b-a22b:q4_k_m,9,A KV (Key-Value) Cache is a high-speed; in-memory storage system that maps unique keys to associated values; enabling rapid data retrieval by eliminating the need to recompute or refetch frequently accessed information.,219,65.293
1,2,qwen3-235b-a22b:q4_k_m,10,KV Cache is an optimization technique in transformer models that caches key-value pairs from previous tokens during autoregressive generation to avoid redundant computations and accelerate inference.,199,67.1467
1,2,qwen3-235b-a22b:q4_k_m,11,A KV (Key-Value) cache is a high-speed temporary storage system that stores data as key-value pairs in memory; allowing rapid retrieval of frequently accessed information while reducing the need to query slower persistent storage or compute resources.,251,71.0042
1,2,qwen3-235b-a22b:q4_k_m,12,A KV Cache is a high-speed; temporary key-value storage system that optimizes data retrieval by storing frequently accessed values under unique keys to minimize redundant computation or slow database queries.,208,73.9258
1,2,qwen3-235b-a22b:q4_k_m,13,A KV Cache is an in-memory key-value storage system designed to accelerate data access by temporarily storing frequently retrieved information; enabling rapid lookups through unique keys.,187,112.5145
1,2,qwen3-235b-a22b:q4_k_m,14,A KV (Key-Value) Cache is a high-speed temporary storage system that maps unique keys to associated values; enabling rapid data retrieval by minimizing repeated or slow backend queries.,185,59.3929
1,2,qwen3-235b-a22b:q4_k_m,15,A KV (Key-Value) Cache is a high-speed data storage mechanism that stores information as associative key-value pairs; enabling rapid retrieval of values using unique keys to optimize performance in applications requiring low-latency access.,240,110.0241
1,2,qwen3-235b-a22b:q4_k_m,16,A KV (Key-Value) Cache is a high-speed; temporary storage system that maps keys to their corresponding values; enabling fast data retrieval by storing frequently accessed or computationally expensive results in memory for quick access.,235,77.1953
1,2,qwen3-235b-a22b:q4_k_m,17,A Key-Value (KV) Cache is an in-memory caching system that maps keys to values for rapid; low-latency data retrieval; optimizing performance by minimizing slower backend storage access.,185,116.0629
1,2,qwen3-235b-a22b:q4_k_m,18,A KV (Key-Value) cache is a high-performance; in-memory storage system that temporarily stores and retrieves data as key-value pairs to reduce access latency and improve efficiency for frequently requested information.,218,61.9231
1,2,qwen3-235b-a22b:q4_k_m,19,A KV (Key-Value) cache is a fast; in-memory storage system that temporarily stores key-value pairs to accelerate data access by reducing reliance on slower backend systems.,172,61.2114
1,2,qwen3-235b-a22b:q4_k_m,20,A KV Cache is an in-memory temporary storage system that stores key-value pairs to accelerate data retrieval by minimizing reliance on slower underlying storage systems.,169,109.3798
1,2,qwen3-235b-a22b:q4_k_m,21,A Key-Value (KV) Cache is a high-speed in-memory storage system that maps unique keys to associated values; enabling rapid data access by temporarily storing frequently used information for quick retrieval.,206,116.1354
1,2,qwen3-235b-a22b:q4_k_m,22,A Key-Value (KV) Cache is a high-speed data storage mechanism that temporarily stores frequently accessed information using key-value pairs; allowing rapid retrieval by mapping unique keys to their associated values in memory.,226,84.0176
1,2,qwen3-235b-a22b:q4_k_m,23,A KV (Key-Value) Cache is a high-speed storage system that temporarily holds frequently accessed data in the form of key-value pairs; enabling rapid retrieval and reducing latency by mapping unique keys directly to their associated values.,239,63.6555
1,2,qwen3-235b-a22b:q4_k_m,24,A KV Cache is an in-memory storage mechanism that temporarily holds key-value pairs to accelerate data retrieval by caching frequently or recently accessed items.,162,92.9152
1,2,qwen3-235b-a22b:q4_k_m,25,A KV Cache is a high-speed temporary storage system that maps keys to their corresponding values in low-latency memory (e.g.; RAM) to accelerate frequent data access and reduce redundant computation or disk/database queries.,224,110.7905
1,2,qwen3-235b-a22b:q4_k_m,26,A **KV Cache** is a high-speed; temporary data storage system that maps unique keys to associated values; enabling rapid retrieval and minimizing redundant computations or database queries by caching frequently accessed information.,232,101.0223
1,2,qwen3-235b-a22b:q4_k_m,27,A KV (Key-Value) Cache is a high-speed; in-memory data structure that stores and retrieves data as key-value pairs; optimizing performance by temporarily holding frequently accessed information for quick access.,211,98.0006
1,2,qwen3-235b-a22b:q4_k_m,28,A KV (Key-Value) Cache is a high-speed temporary storage system that stores and retrieves data as key-value pairs; optimizing access by reducing latency through proximity to the application or frequent reuse of cached entries.,226,65.027
1,2,qwen3-235b-a22b:q4_k_m,29,A KV Cache (Key-Value Cache) is a fast; in-memory storage system that maps unique keys to corresponding values; enabling efficient data retrieval and updates through direct key-based lookups.,191,58.1312
1,2,qwen3-235b-a22b:q4_k_m,30,A KV (Key-Value) cache is a high-performance; temporary storage system that stores data as key-value pairs; enabling fast and efficient retrieval of frequently accessed information by directly mapping keys to their associated values.,233,59.1413
1,2,qwen3-235b-a22b:q4_k_m,31,A Key-Value (KV) Cache is an in-memory data storage system that maps unique keys to associated values; enabling fast access and temporary retention of frequently used data to reduce latency and reliance on slower primary databases.,231,108.5516
1,2,qwen3-235b-a22b:q4_k_m,32,A KV (Key-Value) Cache is a high-speed; temporary storage mechanism that maps keys to values for rapid data access; minimizing latency by serving frequent requests directly from memory instead of slower backend systems.,219,81.1748
1,2,qwen3-235b-a22b:q4_k_m,33,A KV (Key-Value) cache is a high-speed temporary storage system that maps unique keys to associated values; enabling rapid data retrieval while reducing latency by avoiding repeated computation or slower backend queries.,220,52.0812
1,2,qwen3-235b-a22b:q4_k_m,34,A KV Cache (Key-Value Cache) is a high-speed; in-memory storage system that maps keys to associated values; enabling rapid data access by temporarily storing frequently used or computationally expensive results.,211,101.1751
1,2,qwen3-235b-a22b:q4_k_m,35,A KV (Key-Value) Cache is a high-speed temporary storage system that stores and retrieves data as key-value pairs; optimizing access performance by keeping frequently used items in fast memory to reduce latency and backend load.,228,85.6162
1,2,qwen3-235b-a22b:q4_k_m,36,A KV Cache is an in-memory temporary storage system that maps keys to values for rapid data retrieval; enhancing performance by minimizing slower disk or network-dependent database queries.,189,112.5104
1,2,qwen3-235b-a22b:q4_k_m,37,A KV (Key-Value) Cache is a high-speed temporary storage system that maps keys to values; enabling rapid access to frequently requested data while minimizing slower backend database queries.,190,88.0885
1,2,qwen3-235b-a22b:q4_k_m,38,A KV (Key-Value) Cache is a high-speed storage mechanism that temporarily stores data as key-value pairs; enabling rapid retrieval of frequently accessed values using unique keys while managing memory efficiency through eviction policies like LRU or LFU.,254,63.676
1,2,qwen3-235b-a22b:q4_k_m,39,A KV Cache is an in-memory key-value store that accelerates data retrieval by temporarily holding frequently accessed or computationally intensive results; mapping keys directly to precomputed values for rapid access.,217,101.3402
1,2,qwen3-235b-a22b:q4_k_m,40,A KV Cache is an in-memory storage mechanism that temporarily stores key-value pairs to accelerate data retrieval by keeping frequently accessed or recently used items readily available for quick lookup.,203,85.6271
1,2,qwen3-235b-a22b:q4_k_m,41,A KV Cache is an optimized in-memory storage system that caches frequently accessed data using key-value pairs to enable fast retrieval through unique keys.,156,100.3672
1,2,qwen3-235b-a22b:q4_k_m,42,A KV Cache is a high-speed in-memory storage system that uses key-value pairs to quickly store and retrieve data; optimizing performance by minimizing latency for frequently accessed information.,195,105.1216
1,2,qwen3-235b-a22b:q4_k_m,43,A KV Cache is a high-speed; temporary storage system that retains key-value pairs to expedite data retrieval by minimizing redundant accesses to slower primary data sources like disks or databases.,197,86.9698
1,2,qwen3-235b-a22b:q4_k_m,44,A KV Cache is an in-memory key-value storage system optimized for ultra-fast data retrieval; where each value is stored and accessed via a unique key; commonly used to accelerate database queries or application performance by caching frequently accessed items.,260,89.2943
1,2,qwen3-235b-a22b:q4_k_m,45,A KV (Key-Value) cache is a high-speed temporary storage system that stores and retrieves data as key-value pairs in memory to reduce latency and improve performance by serving frequent or recent requests directly from RAM instead of slower persistent storage.,260,64.773
1,2,qwen3-235b-a22b:q4_k_m,46,A KV Cache is a high-speed temporary storage system that uses key-value pairs to efficiently retain and retrieve frequently accessed data; minimizing latency by avoiding slower primary storage lookups.,201,107.7813
1,2,qwen3-235b-a22b:q4_k_m,47,A KV Cache is a high-speed; temporary storage system that organizes data as key-value pairs; enabling rapid retrieval of frequently accessed information by associating each value with a unique identifier (key) for efficient lookup and reduced latency.,251,113.7191
1,2,qwen3-235b-a22b:q4_k_m,48,A KV Cache is an in-memory storage system that optimizes fast data access by storing and retrieving items as key-value pairs.,125,76.0092
1,2,qwen3-235b-a22b:q4_k_m,49,A KV Cache is a high-speed; temporary storage system that holds key-value pairs in memory; enabling rapid data access and retrieval through unique keys to optimize application performance.,188,90.7768
1,2,qwen3-235b-a22b:q4_k_m,50,A KV Cache (Key-Value Cache) is a high-speed; in-memory storage system that maps keys to associated values; enabling rapid data retrieval while minimizing redundant computations or backend database access.,205,100.0164
1,2,qwen3-235b-a22b:q4_k_m,51,A KV Cache is an in-memory key-value store that caches frequently accessed data to enable fast retrieval and reduce latency by serving requests directly from memory instead of slower backend systems.,199,87.4209
1,2,qwen3-235b-a22b:q4_k_m,52,A KV Cache (Key-Value Cache) is a fast; temporary storage system that maps unique keys to their corresponding values; enabling efficient data retrieval by directly accessing stored results via keys.,198,99.1091
1,2,qwen3-235b-a22b:q4_k_m,53,A KV Cache (Key-Value Cache) is a high-speed temporary storage system that stores data as key-value pairs to enable fast access and reduce latency by keeping frequently used information readily available in memory or a low-latency layer.,237,115.9127
1,2,qwen3-235b-a22b:q4_k_m,54,A KV Cache is an in-memory key-value storage system that temporarily holds frequently accessed data to accelerate retrieval by minimizing slower backend queries.,161,92.9001
1,2,qwen3-235b-a22b:q4_k_m,55,A KV (Key-Value) cache is a fast; in-memory storage system that temporarily holds key-value pairs to accelerate data access by allowing quick lookups and retrievals using unique keys.,183,57.639
1,2,qwen3-235b-a22b:q4_k_m,56,A KV (Key-Value) cache is a high-speed data storage layer that stores information as key-value pairs; enabling rapid retrieval of frequently accessed data by directly mapping keys to their corresponding values.,210,49.3194
1,2,qwen3-235b-a22b:q4_k_m,57,A KV (Key-Value) Cache is a high-speed; in-memory temporary storage system that maps keys to values; optimizing quick data access and reducing latency by retaining frequently used or recently retrieved information.,214,80.3722
1,2,qwen3-235b-a22b:q4_k_m,58,A KV Cache is a high-speed temporary storage system that utilizes key-value pairs to efficiently manage and rapidly retrieve frequently accessed data; optimizing performance by minimizing latency.,196,88.3083
1,2,qwen3-235b-a22b:q4_k_m,59,A KV Cache is a high-speed; in-memory storage system that temporarily retains key-value pairs to accelerate data retrieval by minimizing slower disk or database accesses; often employing eviction strategies like LRU or TTL for efficient memory management.,255,97.4097
1,2,qwen3-235b-a22b:q4_k_m,60,A KV Cache is a fast; temporary storage system that organizes data as key-value pairs to enable efficient retrieval and caching of frequently accessed information.,163,83.2268
1,3,qwen3-235b-a22b:q4_k_m,1,A KV (Key-Value) Cache is a fast; temporary storage system that maps unique keys to associated values in memory; enabling quick data access and reducing reliance on slower primary storage.,188,78.9287
1,3,qwen3-235b-a22b:q4_k_m,2,A KV (Key-Value) Cache is a high-speed; in-memory storage system that temporarily holds data as key-value pairs; enabling rapid access and retrieval by directly mapping keys to their associated values.,201,59.8947
1,3,qwen3-235b-a22b:q4_k_m,3,A KV (Key-Value) Cache is a high-performance; in-memory storage system that temporarily holds key-value pairs to accelerate data access by reducing redundant computations or database queries; leveraging fast lookups for frequently used data.,241,65.1703
1,3,qwen3-235b-a22b:q4_k_m,4,A KV Cache (Key-Value Cache) is a high-speed temporary storage system that stores and retrieves data as key-value pairs; optimizing performance by quickly accessing frequently used information via unique keys while managing memory efficiency through eviction policies like LRU or TTL.,284,75.044
1,3,qwen3-235b-a22b:q4_k_m,5,A KV Cache is a high-speed; temporary storage system that maps unique keys to associated values; enabling rapid data retrieval and reducing redundant computations or database queries by caching frequently accessed information.,226,85.0153
1,3,qwen3-235b-a22b:q4_k_m,6,A KV (Key-Value) cache is a high-performance; in-memory storage system that temporarily stores and retrieves data as key-value pairs; optimizing access speed by keeping frequently used items readily available while managing limited capacity through eviction strategies like LRU or LFU.,285,56.639
1,3,qwen3-235b-a22b:q4_k_m,7,A KV Cache (Key-Value Cache) is a high-speed storage mechanism that stores and retrieves data as key-value pairs; allowing efficient access to frequently used information by directly mapping keys to their associated values in memory.,233,81.3649
1,3,qwen3-235b-a22b:q4_k_m,8,A KV (Key-Value) Cache is a high-speed temporary storage system that maps unique keys to associated values; enabling rapid data retrieval by minimizing repeated access to slower primary storage or computation.,209,56.6266
1,3,qwen3-235b-a22b:q4_k_m,9,A KV Cache (Key-Value Cache) is a high-speed; in-memory storage system that temporarily holds data as key-value pairs to accelerate access by enabling rapid lookups of frequently used information.,196,89.8934
1,3,qwen3-235b-a22b:q4_k_m,10,A KV (Key-Value) cache is a high-speed; temporary storage mechanism that stores data as key-value pairs; allowing rapid retrieval of frequently accessed information by keeping it in memory.,189,44.5069
1,3,qwen3-235b-a22b:q4_k_m,11,A KV Cache (Key-Value Cache) is a memory-efficient data structure used in Transformer-based models to store and reuse previously computed key-value pairs during attention mechanisms; reducing redundant computations and accelerating sequence generation.,252,82.7812
1,3,qwen3-235b-a22b:q4_k_m,12,A KV Cache is a high-speed; in-memory key-value storage system that temporarily holds frequently accessed data for rapid retrieval; reducing latency by eliminating slower disk or network lookups.,195,78.0063
1,3,qwen3-235b-a22b:q4_k_m,13,A KV (Key-Value) Cache is a high-speed; in-memory data storage system that stores and retrieves data as simple key-value pairs; optimizing rapid access and scalability for frequently used or temporary information.,213,62.4881
1,3,qwen3-235b-a22b:q4_k_m,14,A Key-Value (KV) Cache is a high-performance temporary storage mechanism that maps keys to values; optimizing data retrieval speed by keeping frequently accessed or recently computed key-value pairs in low-latency memory.,221,78.7396
1,3,qwen3-235b-a22b:q4_k_m,15,A KV Cache is an in-memory key-value storage system that accelerates data retrieval by caching precomputed results under unique keys; eliminating redundant computations or database queries.,189,99.8046
1,3,qwen3-235b-a22b:q4_k_m,16,A KV (Key-Value) Cache is a high-speed temporary storage system that maps keys to values; enabling fast data access and reducing reliance on slower primary databases or compute-intensive operations.,198,78.5554
1,3,qwen3-235b-a22b:q4_k_m,17,A KV (Key-Value) cache is a high-performance storage mechanism that temporarily holds data as key-value pairs; enabling rapid lookup and retrieval of frequently accessed or computationally expensive results.,207,64.6812
1,3,qwen3-235b-a22b:q4_k_m,18,A KV (Key-Value) cache is a fast; temporary storage system that maps unique keys to associated values; enabling efficient data retrieval by minimizing redundant computations or database queries.,194,69.3234
1,3,qwen3-235b-a22b:q4_k_m,19,A KV (Key-Value) cache is a high-performance; temporary storage mechanism that stores data as key-value pairs; enabling rapid access and retrieval of frequently used information by mapping unique keys to their corresponding values.,231,58.0058
1,3,qwen3-235b-a22b:q4_k_m,20,A KV Cache is a high-speed; temporary storage system that caches data as key-value pairs; enabling rapid retrieval of values through their associated keys for improved performance.,180,88.1317
1,3,qwen3-235b-a22b:q4_k_m,21,A KV Cache is a high-speed in-memory storage system that temporarily stores frequently accessed data as key-value pairs to accelerate retrieval; reduce latency; and improve application performance by minimizing slower backend queries.,234,97.779
1,3,qwen3-235b-a22b:q4_k_m,22,A KV (Key-Value) cache is a high-performance; in-memory storage mechanism that temporarily holds frequently accessed data as key-value pairs; enabling rapid retrieval while reducing reliance on slower persistent storage systems.,228,53.1265
1,3,qwen3-235b-a22b:q4_k_m,23,A KV Cache is a high-speed; temporary storage mechanism that organizes data as key-value pairs; enabling efficient data retrieval by storing frequently accessed values alongside their unique keys; typically optimized for low-latency access in memory-constrained environments.,275,73.3538
1,3,qwen3-235b-a22b:q4_k_m,24,A KV Cache is an in-memory storage system that maps keys to values for fast data access; optimizing performance by caching frequently used information to reduce redundant computations or disk lookups.,200,99.0312
1,3,qwen3-235b-a22b:q4_k_m,25,A KV Cache is a fast; temporary storage system that holds data in key-value pairs; allowing efficient lookup and retrieval using unique keys to speed up access to frequently requested information.,196,83.6105
1,3,qwen3-235b-a22b:q4_k_m,26,A KV (Key-Value) cache is a high-performance; in-memory data storage mechanism that stores and retrieves data as key-value pairs; enabling rapid access to frequently used information while reducing latency compared to slower persistent storage systems.,252,59.6795
1,3,qwen3-235b-a22b:q4_k_m,27,A KV Cache is a high-speed storage mechanism that maps unique keys to their corresponding values; enabling efficient data retrieval by directly associating each piece of information with a distinct identifier for rapid access.,226,95.9185
1,3,qwen3-235b-a22b:q4_k_m,28,A KV Cache is an in-memory data structure that stores key-value pairs to enable fast; efficient retrieval of frequently accessed information by temporarily holding it closer to the processor than slower persistent storage.,222,77.0493
1,3,qwen3-235b-a22b:q4_k_m,29,A Key-Value (KV) cache is a high-speed; temporary storage system that maps unique keys to their corresponding values; enabling rapid data retrieval and minimizing redundant computations or backend database access.,213,91.232
1,3,qwen3-235b-a22b:q4_k_m,30,A KV (Key-Value) Cache is a high-speed temporary storage system that stores and retrieves data using key-value pairs; optimizing access speed by keeping frequently requested data in low-latency memory.,201,72.9355
1,3,qwen3-235b-a22b:q4_k_m,31,A KV Cache is an in-memory; high-speed key-value store that temporarily holds frequently accessed data; enabling rapid retrieval by directly mapping keys to their corresponding values while minimizing latency.,209,99.6496
1,3,qwen3-235b-a22b:q4_k_m,32,A KV Cache is an in-memory temporary storage system that stores data as key-value pairs to enable rapid access and improve application performance by caching frequently used information.,186,100.3479
1,3,qwen3-235b-a22b:q4_k_m,33,A KV Cache (Key-Value Cache) is a high-speed in-memory storage system that temporarily stores frequently accessed data as key-value pairs to accelerate retrieval times by keeping relevant information readily available while managing space through eviction strategies like LRU or TTL.,283,93.6768
1,3,qwen3-235b-a22b:q4_k_m,34,A KV Cache is an in-memory storage mechanism that temporarily holds key-value pairs to accelerate data retrieval by reusing frequently or recently accessed items; optimizing speed and efficiency in applications.,211,73.7796
1,3,qwen3-235b-a22b:q4_k_m,35,A KV Cache is a high-speed; in-memory storage system that maps keys to values; enabling efficient data retrieval by caching frequently accessed key-value pairs for rapid access.,177,80.6625
1,3,qwen3-235b-a22b:q4_k_m,36,A KV (Key-Value) cache is a temporary storage system that maps unique keys to associated values; enabling rapid data retrieval by storing and fetching entries based on their keys.,179,85.9092
1,3,qwen3-235b-a22b:q4_k_m,37,A KV Cache is an in-memory storage system that caches data as key-value pairs; enabling rapid retrieval of frequently accessed items by associating each value with a unique identifier.,184,82.7775
1,3,qwen3-235b-a22b:q4_k_m,38,A KV (Key-Value) Cache is a high-speed; temporary storage system that stores and retrieves data as key-value pairs to reduce latency and improve performance by serving frequently accessed information directly from memory instead of slower persistent storage.,258,62.0128
1,3,qwen3-235b-a22b:q4_k_m,39,A KV (Key-Value) cache is a fast; temporary storage system that maps unique keys to associated values; enabling efficient data retrieval by minimizing repeated access to slower backend systems.,193,70.2126
1,3,qwen3-235b-a22b:q4_k_m,40,A KV (Key-Value) cache is a high-speed temporary storage system that maps unique keys to corresponding values; enabling rapid data access and reducing latency by serving frequently requested information directly from memory.,224,51.2827
1,3,qwen3-235b-a22b:q4_k_m,41,A KV Cache is a high-speed storage mechanism that temporarily stores key-value pairs to accelerate data retrieval by reducing access to slower primary databases during frequent or repeated queries.,197,92.8913
1,3,qwen3-235b-a22b:q4_k_m,42,A KV Cache is a high-performance storage mechanism that temporarily holds key-value pairs to accelerate data access by minimizing redundant computations or slow disk/database queries.,183,62.0213
1,3,qwen3-235b-a22b:q4_k_m,43,A KV (Key-Value) Cache is a high-performance storage system that maps unique keys to their corresponding values; enabling rapid data retrieval by directly accessing stored information through its key.,200,69.7596
1,3,qwen3-235b-a22b:q4_k_m,44,A KV (Key-Value) Cache is a high-performance; temporary storage mechanism that maps unique keys to their corresponding values; enabling rapid data retrieval while minimizing redundant computations or database queries.,217,73.5607
1,3,qwen3-235b-a22b:q4_k_m,45,A KV (Key-Value) cache is a high-performance; in-memory storage system that temporarily holds data as key-value pairs; allowing rapid retrieval and reducing latency by serving frequent or recent requests directly from memory instead of slower backend systems.,259,69.3203
1,3,qwen3-235b-a22b:q4_k_m,46,A Key-Value (KV) Cache is a high-speed temporary storage system that stores data as key-value pairs to enable rapid retrieval of frequently accessed information; optimizing performance by reducing reliance on slower primary storage systems.,240,88.9681
1,3,qwen3-235b-a22b:q4_k_m,47,A Key-Value (KV) cache is a high-speed; temporary storage system that maps unique keys to associated values; enabling fast data access and efficient retrieval by key in applications like web caching; session management; and real-time analytics.,244,98.3399
1,3,qwen3-235b-a22b:q4_k_m,48,A KV (Key-Value) cache is a high-performance; temporary storage system that stores data as key-value pairs; enabling rapid retrieval of frequently accessed information while reducing latency and load on primary databases.,221,59.6523
1,3,qwen3-235b-a22b:q4_k_m,49,A KV Cache is a high-speed; temporary storage mechanism that organizes data as key-value pairs to enable rapid retrieval while managing memory efficiency through eviction strategies like LRU or FIFO.,199,78.3635
1,3,qwen3-235b-a22b:q4_k_m,50,A KV (Key-Value) cache is a high-speed; temporary storage system that stores and retrieves data as key-value pairs to accelerate access to frequently or recently accessed information.,183,59.4164
1,3,qwen3-235b-a22b:q4_k_m,51,A KV (Key-Value) Cache is a high-performance temporary storage system that maps keys to values; enabling rapid data retrieval while reducing redundant computation or backend queries.,182,53.5934
1,3,qwen3-235b-a22b:q4_k_m,52,A KV Cache is a high-speed; in-memory data store that organizes information into key-value pairs; enabling fast and efficient access to frequently used data by associating each value with a unique identifier (key).,214,92.5447
1,3,qwen3-235b-a22b:q4_k_m,53,A KV (Key-Value) cache is a high-performance; temporary storage mechanism that stores data as key-value pairs; enabling ultra-fast retrieval by directly mapping unique keys to their associated values.,200,76.0463
1,3,qwen3-235b-a22b:q4_k_m,54,A KV (Key-Value) cache is a high-speed; transient storage system that maps unique keys to associated values; enabling rapid data access and reducing reliance on slower or more resource-intensive primary data sources by temporarily storing frequently requested information.,272,84.6943
1,3,qwen3-235b-a22b:q4_k_m,55,A KV (Key-Value) cache is a high-speed; temporary storage mechanism that maps unique keys to their corresponding values; enabling rapid data access and retrieval while managing memory efficiently through policies like eviction or expiration.,241,92.6394
1,3,qwen3-235b-a22b:q4_k_m,56,A KV Cache is a high-speed in-memory storage mechanism that stores data as key-value pairs; enabling fast access and reducing redundant computations or expensive queries to primary data sources.,194,92.7255
1,3,qwen3-235b-a22b:q4_k_m,57,A **KV Cache** (Key-Value Cache) is a fast; in-memory storage system that maps unique keys to associated values; enabling efficient data retrieval by directly accessing cached entries via their keys.,199,83.1156
1,3,qwen3-235b-a22b:q4_k_m,58,A KV (Key-Value) Cache is a storage mechanism used in systems like large language models to store and reuse previously computed key-value pairs from input tokens during processing; enhancing computational efficiency by avoiding redundant calculations.,251,91.9091
1,3,qwen3-235b-a22b:q4_k_m,59,A KV Cache is a high-speed in-memory storage system that maps unique keys to their corresponding values; enabling efficient caching and rapid retrieval of frequently accessed data.,180,80.8358
1,3,qwen3-235b-a22b:q4_k_m,60,A KV Cache (Key-Value Cache) is a high-speed temporary storage system that stores data as key-value pairs to enable fast retrieval of frequently accessed items; often using an eviction policy like LRU to manage limited space.,225,77.2473
2,1,qwen3-235b-a22b:q4_k_m,1,A KV Cache is a high-speed; in-memory data storage system that temporarily stores and retrieves information using key-value pairs to accelerate access to frequently used data.,175,71.3864
2,1,qwen3-235b-a22b:q4_k_m,2,A Key-Value (KV) Cache is an in-memory data structure that stores information as associative key-value pairs; allowing efficient retrieval of values through their corresponding keys to accelerate access speed and reduce latency.,228,108.05
2,1,qwen3-235b-a22b:q4_k_m,3,A KV Cache is a temporary; high-performance storage mechanism that maps keys to associated values; enabling efficient data retrieval by avoiding repeated access to slower primary storage systems.,195,68.8815
2,1,qwen3-235b-a22b:q4_k_m,4,A KV (Key-Value) Cache is a high-performance; temporary storage system that stores data as key-value pairs; allowing rapid retrieval and reducing latency by keeping frequently accessed information closer to the application.,223,61.5759
2,1,qwen3-235b-a22b:q4_k_m,5,A KV Cache is a high-speed storage mechanism that stores data as key-value pairs; allowing efficient retrieval and modification of values using unique keys for quick access.,173,88.0213
2,1,qwen3-235b-a22b:q4_k_m,6,A KV (Key-Value) cache is a high-performance; temporary storage mechanism that stores data as key-value pairs; enabling rapid retrieval of frequently accessed information by directly mapping keys to their associated values.,223,75.9235
2,1,qwen3-235b-a22b:q4_k_m,7,A KV Cache (Key-Value Cache) is a high-speed temporary storage system that maps keys to values; enabling rapid data retrieval while minimizing redundant computations or database queries.,186,49.0646
2,1,qwen3-235b-a22b:q4_k_m,8,A KV (Key-Value) cache is a high-speed temporary storage mechanism that maps keys to values; enabling fast data retrieval for frequently accessed items while minimizing latency.,177,45.8002
2,1,qwen3-235b-a22b:q4_k_m,9,A **KV Cache** (Key-Value Cache) is a high-performance; in-memory storage system that maps unique keys to associated values; enabling rapid data access and reducing latency by temporarily caching frequently requested or computationally expensive results.,254,87.6312
2,1,qwen3-235b-a22b:q4_k_m,10,A KV Cache is a high-speed storage mechanism that temporarily holds frequently accessed data in key-value pairs; enabling rapid retrieval by associating each value with a unique key to optimize performance and reduce redundant computations or database queries.,260,112.8984
2,1,qwen3-235b-a22b:q4_k_m,11,A KV Cache is a high-performance storage system that organizes data as key-value pairs; enabling rapid retrieval of frequently accessed information by directly mapping unique keys to their corresponding cached values.,217,60.326
2,1,qwen3-235b-a22b:q4_k_m,12,A KV Cache is a high-speed in-memory storage system that stores data as key-value pairs; enabling quick access and efficient retrieval of cached information using unique keys.,175,91.7731
2,1,qwen3-235b-a22b:q4_k_m,13,A KV Cache is a high-speed; temporary storage mechanism that uses key-value pairs to quickly store and retrieve data by associating each value with a unique key; optimizing access efficiency.,191,97.3358
2,1,qwen3-235b-a22b:q4_k_m,14,A Key-Value (KV) Cache is a high-speed; temporary storage mechanism that maps keys to their associated values; enabling rapid data access and reducing redundant computations or slow backend queries.,198,101.1562
2,1,qwen3-235b-a22b:q4_k_m,15,A KV (Key-Value) Cache is a high-speed temporary storage system that stores data as key-value pairs; enabling rapid retrieval of frequently or recently accessed information by keeping it in memory instead of slower persistent storage.,234,97.181
2,1,qwen3-235b-a22b:q4_k_m,16,A KV Cache is an in-memory key-value store designed to accelerate data access by temporarily holding frequently used items; enabling fast storage and retrieval through unique keys.,180,92.1359
2,1,qwen3-235b-a22b:q4_k_m,17,A KV Cache is a high-speed in-memory key-value store that temporarily holds frequently accessed data to accelerate retrieval times and reduce backend database workload by leveraging fast key-based lookups.,205,100.7372
2,1,qwen3-235b-a22b:q4_k_m,18,A KV Cache (Key-Value Cache) is a high-speed; temporary storage mechanism that maps keys to precomputed or frequently accessed values; enabling rapid data retrieval while minimizing redundant computations or database queries.,225,96.0465
2,1,qwen3-235b-a22b:q4_k_m,19,A KV Cache (Key-Value Cache) is a high-speed storage system that maps unique keys to their corresponding values; enabling rapid data retrieval by directly accessing stored information using these keys as identifiers.,216,71.8717
2,1,qwen3-235b-a22b:q4_k_m,20,A KV Cache is an in-memory key-value store that accelerates data retrieval by caching frequently accessed items under unique keys; enabling fast; low-latency access to precomputed or commonly used values.,204,97.3385
2,1,qwen3-235b-a22b:q4_k_m,21,A KV Cache is an in-memory storage system that temporarily holds data as key-value pairs to accelerate access times by reducing reliance on slower persistent storage or computation.,181,103.5451
2,1,qwen3-235b-a22b:q4_k_m,22,A KV Cache is an in-memory key-value store for temporary data; enabling rapid access via unique keys.,101,110.0622
2,1,qwen3-235b-a22b:q4_k_m,23,A KV Cache is a temporary; high-performance storage system that maps keys to values; enabling quick access to frequently used data by minimizing reliance on slower primary storage sources.,188,61.5774
2,1,qwen3-235b-a22b:q4_k_m,24,A KV (Key-Value) Cache is a high-performance; transient storage system that stores data as key-value pairs; enabling rapid retrieval via unique keys to optimize access speed and reduce latency.,193,107.3588
2,1,qwen3-235b-a22b:q4_k_m,25,A KV Cache is a high-speed; temporary storage system that stores data as key-value pairs to enable rapid retrieval and improve application performance by reducing latency.,171,77.5434
2,1,qwen3-235b-a22b:q4_k_m,26,A KV Cache is a high-speed temporary storage mechanism that stores data as key-value pairs; enabling rapid retrieval of frequently accessed information using unique identifiers (keys) to minimize latency and improve efficiency.,227,86.3565
2,1,qwen3-235b-a22b:q4_k_m,27,A KV (Key-Value) cache is a high-speed temporary storage system that stores data as key-value pairs to enable rapid; efficient access and retrieval of frequently used information.,179,77.0908
2,1,qwen3-235b-a22b:q4_k_m,28,A KV Cache is an optimized temporary storage mechanism that maps keys to precomputed values; enabling efficient data retrieval by minimizing redundant computation and accelerating access to frequently used information through in-memory key-value pair storage.,259,109.6716
2,1,qwen3-235b-a22b:q4_k_m,29,A KV Cache is a high-speed; in-memory temporary storage system that organizes data as key-value pairs; enabling efficient and low-latency retrieval of frequently accessed information by directly associating each value with a unique key.,236,88.8047
2,1,qwen3-235b-a22b:q4_k_m,30,A Key-Value (KV) cache is an in-memory storage mechanism that maps unique keys to their corresponding values; enabling rapid data retrieval and reducing latency by temporarily storing frequently accessed or computationally expensive results.,241,108.9658
2,1,qwen3-235b-a22b:q4_k_m,31,A KV Cache is an in-memory data structure that stores key-value pairs to accelerate repeated access by caching results of expensive computations or lookups for quick retrieval.,176,103.826
2,1,qwen3-235b-a22b:q4_k_m,32,A KV Cache is a fast; temporary storage system that uses key-value pairs to store and retrieve data efficiently; minimizing repeated computations or database access.,165,106.9801
2,1,qwen3-235b-a22b:q4_k_m,33,A KV Cache (Key-Value Cache) is a temporary storage system that holds precomputed key-value pairs—often used in transformers or databases—to accelerate data retrieval or attention computations by reusing previously generated results instead of recalculating them.,263,95.727
2,1,qwen3-235b-a22b:q4_k_m,34,A KV Cache (Key-Value Cache) is a high-performance; temporary storage mechanism where data is stored and retrieved using unique keys; enabling rapid access to frequently used information by associating each value with a distinct identifier.,240,69.3755
2,1,qwen3-235b-a22b:q4_k_m,35,A KV Cache is an in-memory data structure that stores key-value pairs; allowing fast access and retrieval of cached data by associating each value with a unique key.,165,89.9949
2,1,qwen3-235b-a22b:q4_k_m,36,A KV (Key-Value) Cache is a high-speed; in-memory storage system that temporarily holds data as key-value pairs to accelerate access to frequently requested information by reducing reliance on slower backend databases.,218,70.8492
2,1,qwen3-235b-a22b:q4_k_m,37,A **KV Cache** (Key-Value Cache) is a high-speed; in-memory storage system that temporarily holds key-value pairs to accelerate data access by minimizing slower disk or network operations; often used to optimize performance in applications like databases; APIs; or distributed systems.,285,67.5997
2,1,qwen3-235b-a22b:q4_k_m,38,A KV Cache is a high-speed temporary storage mechanism that stores data as key-value pairs; enabling rapid retrieval of frequently accessed information by directly mapping keys to their associated values.,204,102.3201
2,1,qwen3-235b-a22b:q4_k_m,39,A KV (Key-Value) Cache is a high-speed temporary storage system that maps unique keys to their corresponding values; allowing rapid data retrieval by directly accessing stored entries via their keys rather than searching through entire datasets.,245,61.3332
2,1,qwen3-235b-a22b:q4_k_m,40,A KV Cache is a high-speed; temporary storage system that uses key-value pairs to quickly store and retrieve frequently accessed data; improving performance by reducing reliance on slower data sources.,201,111.0926
2,1,qwen3-235b-a22b:q4_k_m,41,A KV Cache is an in-memory data structure that stores key-value pairs to accelerate data retrieval by caching frequently accessed or computationally expensive results; reducing reliance on slower backend systems.,212,101.1495
2,1,qwen3-235b-a22b:q4_k_m,42,A KV (Key-Value) Cache is a high-performance; in-memory storage mechanism that temporarily holds key-value pairs to accelerate data retrieval by minimizing costly disk or network I/O operations.,194,56.4495
2,1,qwen3-235b-a22b:q4_k_m,43,A KV (Key-Value) cache is a high-performance storage mechanism that temporarily holds data as key-value pairs; enabling rapid access and reducing latency by serving frequently requested information faster than slower backend systems.,233,65.3812
2,1,qwen3-235b-a22b:q4_k_m,44,A KV Cache (Key-Value Cache) is a high-speed; temporary storage system that uses associative key-value pairs to efficiently store and retrieve data; prioritizing quick access to frequently or recently used items by leveraging in-memory storage.,244,97.4824
2,1,qwen3-235b-a22b:q4_k_m,45,A KV (Key-Value) Cache is a high-speed; temporary storage system that maps unique keys to associated values in memory; optimizing data access by minimizing costly disk or network operations through rapid lookups.,212,71.6072
2,1,qwen3-235b-a22b:q4_k_m,46,KV Cache (Key-Value Cache) in transformer models stores previously generated token representations as key-value pairs during decoding to enable efficient attention computation by reusing historical context instead of recalculating it for each new token.,253,84.1234
2,1,qwen3-235b-a22b:q4_k_m,47,A KV Cache is a high-performance; temporary storage mechanism that organizes data as key-value pairs; enabling rapid retrieval and updates while minimizing latency by leveraging faster memory (e.g.; RAM) over slower persistent storage.,235,50.3841
2,1,qwen3-235b-a22b:q4_k_m,48,A KV Cache is a high-performance temporary storage system that organizes data as key-value pairs; allowing efficient and rapid access to frequently used information by storing it in a fast; lookup-optimized structure.,217,108.5841
2,1,qwen3-235b-a22b:q4_k_m,49,A KV (Key-Value) cache is a high-speed; temporary storage system that stores data as key-value pairs; enabling rapid retrieval of frequently accessed information by directly mapping keys to their corresponding values.,217,99.4655
2,1,qwen3-235b-a22b:q4_k_m,50,A Key-Value (KV) Cache is an in-memory data structure that stores items as key-value pairs to enable ultra-fast retrieval of frequently accessed or computed data by directly mapping keys to their precomputed values.,215,95.199
2,1,qwen3-235b-a22b:q4_k_m,51,A **KV Cache** (Key-Value Cache) is a high-speed temporary storage system that uses key-value pairs to store and quickly retrieve frequently accessed data; minimizing latency by leveraging fast memory access instead of slower disk or network-dependent storage.,260,82.0802
2,1,qwen3-235b-a22b:q4_k_m,52,A KV Cache is a high-speed; temporary data storage system that uses key-value pairs to enable fast access and retrieval of frequently used information; minimizing redundant computations or database queries.,206,84.3179
2,1,qwen3-235b-a22b:q4_k_m,53,A KV (Key-Value) cache is a high-speed temporary storage system that maps unique keys to associated values; enabling rapid data access and reducing reliance on slower backend databases by prioritizing frequently used or recently accessed information in memory.,260,65.6254
2,1,qwen3-235b-a22b:q4_k_m,54,A KV Cache is a high-speed temporary storage system that maps data to unique keys; enabling efficient retrieval of frequently accessed values while reducing redundant computations or backend queries.,199,113.6749
2,1,qwen3-235b-a22b:q4_k_m,55,A KV Cache is a high-speed; temporary storage system that holds key-value pairs in memory to expedite data retrieval by minimizing slower disk or network accesses.,163,65.6193
2,1,qwen3-235b-a22b:q4_k_m,56,A KV Cache is a high-speed temporary storage system that uses key-value pairs to store and quickly retrieve frequently accessed or computed data; reducing latency in subsequent accesses.,186,100.8639
2,1,qwen3-235b-a22b:q4_k_m,57,A Key-Value (KV) Cache is a high-speed in-memory data structure that stores information as associative key-value pairs; enabling efficient temporary storage and rapid retrieval of frequently accessed or computationally expensive data to optimize performance.,258,104.9909
2,1,qwen3-235b-a22b:q4_k_m,58,A KV (Key-Value) Cache is a high-speed storage mechanism that temporarily maps keys to associated values; enabling rapid data retrieval and reducing latency by caching frequently accessed information in memory.,210,94.4967
2,1,qwen3-235b-a22b:q4_k_m,59,A KV (Key-Value) Cache is a fast; temporary storage system that maps keys to values in memory; enabling quick access and reducing latency by avoiding repeated queries to slower backend systems.,193,108.8885
2,1,qwen3-235b-a22b:q4_k_m,60,A KV Cache is a high-speed temporary storage system that maps unique keys to associated values in memory; enabling efficient and fast retrieval of frequently accessed data.,172,88.3976
2,2,qwen3-235b-a22b:q4_k_m,1,A KV (Key-Value) cache is a high-speed temporary storage system that maps unique keys to corresponding values; optimizing quick access and retrieval of frequently used data by storing it in memory.,197,66.9524
2,2,qwen3-235b-a22b:q4_k_m,2,A KV (Key-Value) cache is a high-speed data storage layer that stores information as associative key-value pairs; enabling rapid retrieval of frequently accessed data by directly mapping keys to their corresponding values.,222,49.7771
2,2,qwen3-235b-a22b:q4_k_m,3,A KV (Key-Value) cache is a high-speed; in-memory data structure that stores information as associative key-value pairs to enable rapid access and efficient management of transient or frequently used data.,205,93.9181
2,2,qwen3-235b-a22b:q4_k_m,4,A KV Cache is a high-speed in-memory storage system that maps unique keys to associated values; enabling rapid data retrieval by caching frequently accessed key-value pairs.,173,53.3246
2,2,qwen3-235b-a22b:q4_k_m,5,A KV Cache is a high-speed; temporary storage system that uses keys to efficiently store and retrieve associated values; minimizing access latency in applications requiring rapid data access.,191,89.5445
2,2,qwen3-235b-a22b:q4_k_m,6,A KV Cache (Key-Value Cache) is a high-speed; temporary storage mechanism that associates each piece of data with a unique key; enabling fast and efficient retrieval by directly mapping keys to their corresponding values.,221,92.6443
2,2,qwen3-235b-a22b:q4_k_m,7,A KV (Key-Value) cache is a high-performance temporary storage system that maps keys to values for rapid data retrieval; minimizing redundant computations or database queries by storing frequently accessed information in memory.,228,50.8872
2,2,qwen3-235b-a22b:q4_k_m,8,A KV Cache is an in-memory caching system that stores data as key-value pairs; enabling fast access and efficient retrieval of frequently used information by associating each value with a unique identifier.,206,100.3318
2,2,qwen3-235b-a22b:q4_k_m,9,A KV Cache (Key-Value Cache) is a fast; temporary storage system that maps unique keys to associated values; enabling rapid data retrieval by key in applications like databases or distributed systems.,200,79.8656
2,2,qwen3-235b-a22b:q4_k_m,10,A KV Cache is a high-speed; temporary storage system that maps unique keys to associated values; enabling rapid data access and retrieval by directly referencing keys instead of searching through entire datasets.,212,53.3177
2,2,qwen3-235b-a22b:q4_k_m,11,A KV (Key-Value) Cache is a high-speed data storage layer that temporarily stores frequently accessed data as key-value pairs in memory; enabling rapid retrieval by directly mapping keys to their associated values while minimizing latency.,239,64.3737
2,2,qwen3-235b-a22b:q4_k_m,12,A KV (Key-Value) cache is a high-speed temporary storage system that maps unique keys to corresponding values; enabling rapid data access and reducing latency by serving frequently requested information directly from memory.,224,51.1209
2,2,qwen3-235b-a22b:q4_k_m,13,A Key-Value (KV) Cache is a high-speed; temporary storage mechanism where each value is stored and retrieved using a unique key; optimizing data access efficiency through direct key-based lookups.,196,94.9762
2,2,qwen3-235b-a22b:q4_k_m,14,A KV Cache is a high-speed; in-memory temporary storage system that organizes data as key-value pairs to enable rapid retrieval of frequently accessed information; reducing latency by minimizing repeated queries to slower primary data sources.,243,90.3215
2,2,qwen3-235b-a22b:q4_k_m,15,A Key-Value (KV) Cache is a high-speed storage system that stores and retrieves data as key-value pairs; enabling efficient lookups by associating each piece of data with a unique identifier (key).,197,83.2735
2,2,qwen3-235b-a22b:q4_k_m,16,A KV Cache (Key-Value Cache) is a high-speed in-memory storage system that maps keys to values for rapid data retrieval; reducing latency by temporarily holding frequently accessed information closer to the application.,219,112.1244
2,2,qwen3-235b-a22b:q4_k_m,17,A KV Cache is a high-speed temporary storage system that maps data using key-value pairs to enable rapid retrieval and improve performance by reducing reliance on slower primary data sources.,191,69.0258
2,2,qwen3-235b-a22b:q4_k_m,18,A KV Cache is a high-speed temporary storage system that uses key-value pairs to allow efficient data retrieval by directly mapping keys to their associated values; minimizing latency for frequent or recent queries.,215,49.7586
2,2,qwen3-235b-a22b:q4_k_m,19,A KV (Key-Value) cache is a high-performance; temporary storage mechanism that stores and retrieves data as key-value pairs; optimizing access speed by retaining frequently used items in low-latency memory.,206,62.2285
2,2,qwen3-235b-a22b:q4_k_m,20,A KV Cache is a high-speed; temporary storage system that organizes data as key-value pairs; allowing quick retrieval and efficient management of frequently accessed information using unique keys to map to their corresponding values.,233,94.4492
2,2,qwen3-235b-a22b:q4_k_m,21,A Key-Value (KV) Cache is a high-speed; temporary data storage system that retains frequently accessed or recently used key-value pairs in low-latency memory to accelerate access times and reduce redundant computations or disk/database queries.,244,80.2598
2,2,qwen3-235b-a22b:q4_k_m,22,A Key-Value (KV) Cache is a high-speed temporary storage system that stores data as key-value pairs; enabling fast access and efficient memory management through techniques like eviction policies.,196,82.198
2,2,qwen3-235b-a22b:q4_k_m,23,A KV (Key-Value) Cache is a high-performance storage system that organizes data into associative key-value pairs; enabling rapid access and efficient caching of frequently used information by leveraging keys for instant lookup.,227,112.072
2,2,qwen3-235b-a22b:q4_k_m,24,A KV (Key-Value) Cache is a high-speed temporary storage system that maps unique keys to their associated values; allowing rapid data retrieval and insertion by directly addressing stored entries using their keys.,213,60.0845
2,2,qwen3-235b-a22b:q4_k_m,25,A **KV Cache** is a high-speed temporary storage system that organizes data as key-value pairs to enable efficient caching and rapid retrieval of frequently accessed information by directly mapping keys to their associated values.,230,98.8936
2,2,qwen3-235b-a22b:q4_k_m,26,A KV (Key-Value) cache is a high-performance temporary storage system that stores data as key-value pairs; enabling rapid access to frequently used information while reducing the load on primary databases or slower storage systems.,231,63.8426
2,2,qwen3-235b-a22b:q4_k_m,27,A Key-Value (KV) Cache is an in-memory data structure that stores and retrieves values using unique keys; enabling rapid access and efficient temporary storage by directly mapping keys to their associated data.,210,107.8364
2,2,qwen3-235b-a22b:q4_k_m,28,A KV Cache is a high-speed; temporary storage system that maps unique keys to associated values; enabling efficient retrieval and management of frequently accessed data by leveraging fast memory access.,202,87.9852
2,2,qwen3-235b-a22b:q4_k_m,29,A KV (Key-Value) cache is a high-performance temporary storage system that stores data as key-value pairs; enabling fast lookup and retrieval of frequently accessed information by directly mapping keys to their cached values.,225,50.882
2,2,qwen3-235b-a22b:q4_k_m,30,A KV Cache is a high-speed temporary storage system that retains key-value pairs in memory to accelerate data retrieval by minimizing slower disk or database accesses.,167,86.655
2,2,qwen3-235b-a22b:q4_k_m,31,A KV Cache is an in-memory key-value storage system that accelerates data access by temporarily storing frequently requested information under unique keys; enabling fast retrieval while reducing redundant computations or backend database queries.,246,103.3469
2,2,qwen3-235b-a22b:q4_k_m,32,A KV Cache is a high-speed in-memory storage system that temporarily holds frequently accessed data as key-value pairs; enabling rapid retrieval while managing space efficiently through eviction policies like LRU.,213,74.3009
2,2,qwen3-235b-a22b:q4_k_m,33,A KV Cache (Key-Value Cache) is a high-speed temporary storage system that associates each piece of data (value) with a unique identifier (key); enabling rapid access and retrieval while reducing reliance on slower primary databases.,233,78.1817
2,2,qwen3-235b-a22b:q4_k_m,34,A KV Cache is a high-speed; in-memory key-value store that temporarily holds frequently accessed data; enabling rapid retrieval by mapping keys to their corresponding values while managing limited capacity through eviction policies like LRU or TTL.,248,55.0563
2,2,qwen3-235b-a22b:q4_k_m,35,A KV Cache (Key-Value Cache) is a high-speed storage mechanism that temporarily stores frequently accessed or computationally expensive data as key-value pairs; enabling efficient retrieval and reducing access latency in applications.,234,105.3549
2,2,qwen3-235b-a22b:q4_k_m,36,A KV (Key-Value) Cache is a high-speed temporary storage system that maps unique keys to associated values; enabling efficient data retrieval by directly accessing stored entries via their keys.,194,73.3389
2,2,qwen3-235b-a22b:q4_k_m,37,A KV Cache (Key-Value Cache) is a high-speed storage mechanism that maps unique keys to corresponding values; enabling rapid data retrieval through direct key-based lookups rather than scanning entire datasets.,210,81.2272
2,2,qwen3-235b-a22b:q4_k_m,38,A KV Cache is a high-speed in-memory storage system that organizes data as key-value pairs; enabling efficient lookup; insertion; and eviction of cached items using unique keys for quick access.,194,98.7637
2,2,qwen3-235b-a22b:q4_k_m,39,A Key-Value (KV) Cache is a high-speed temporary storage system that maps unique keys to associated data values; enabling rapid retrieval and improved performance by minimizing redundant computations or database queries.,220,108.1364
2,2,qwen3-235b-a22b:q4_k_m,40,A KV Cache is a high-speed; temporary storage system that stores data as key-value pairs in memory to accelerate retrieval by minimizing slower disk accesses or redundant computations.,184,83.2811
2,2,qwen3-235b-a22b:q4_k_m,41,A KV (Key-Value) Cache is a high-speed; temporary storage system that maps unique keys to associated values; enabling fast data retrieval and improved efficiency in applications like databases; web services; or distributed systems.,231,102.4977
2,2,qwen3-235b-a22b:q4_k_m,42,A KV Cache is a high-speed storage system that stores data as key-value pairs in memory; enabling rapid retrieval of frequently accessed information by directly mapping keys to their corresponding values for low-latency access.,227,98.1599
2,2,qwen3-235b-a22b:q4_k_m,43,A KV (Key-Value) Cache is a high-speed in-memory storage system that maps unique keys to associated values; enabling rapid data retrieval and reducing latency by temporarily holding frequently accessed or computationally expensive information.,243,92.3515
2,2,qwen3-235b-a22b:q4_k_m,44,A KV (Key-Value) Cache is a high-speed storage mechanism that temporarily holds data in key-value pairs; allowing fast access and retrieval of frequently used information by mapping unique keys to their associated values.,221,103.1686
2,2,qwen3-235b-a22b:q4_k_m,45,A KV (Key-Value) cache is a fast; in-memory storage system that temporarily holds key-value pairs to accelerate data access by reducing redundant computations or slow disk/database queries.,189,63.0874
2,2,qwen3-235b-a22b:q4_k_m,46,A KV Cache (Key-Value Cache) is a high-performance temporary storage system that maps keys to values; enabling rapid data retrieval by storing frequently accessed information in memory to minimize slower disk or network accesses.,229,81.8192
2,2,qwen3-235b-a22b:q4_k_m,47,A KV Cache (Key-Value Cache) is a high-speed in-memory data structure that stores items as key-value pairs to enable fast; temporary access for frequently requested information.,177,54.0407
2,2,qwen3-235b-a22b:q4_k_m,48,A KV (Key-Value) cache is a high-speed; temporary storage system that maps keys to values; enabling rapid access to frequently requested data while reducing reliance on slower backend systems.,192,56.9195
2,2,qwen3-235b-a22b:q4_k_m,49,A KV Cache is a high-speed data storage system that caches frequently accessed information using key-value pairs; enabling rapid retrieval by storing keys alongside their corresponding values in memory or fast-access storage.,225,103.6621
2,2,qwen3-235b-a22b:q4_k_m,50,A KV Cache is a high-speed in-memory storage system that temporarily stores key-value pairs to accelerate data access by allowing quick lookups using keys; thereby reducing latency for frequently requested information.,218,89.0509
2,2,qwen3-235b-a22b:q4_k_m,51,A KV Cache is a fast; temporary storage system that maps unique keys to associated values; enabling efficient data retrieval by minimizing redundant computations or database queries.,182,71.4124
2,2,qwen3-235b-a22b:q4_k_m,52,A KV Cache is a high-speed temporary storage system that organizes data as key-value pairs to enable efficient retrieval and reduce latency for frequently accessed information.,176,57.705
2,2,qwen3-235b-a22b:q4_k_m,53,A KV (Key-Value) cache is a fast; temporary storage system that maps unique keys to associated values; enabling efficient data retrieval by avoiding redundant or slow computations.,180,62.2362
2,2,qwen3-235b-a22b:q4_k_m,54,A KV Cache is a high-speed; temporary storage system that organizes data as key-value pairs to enable rapid retrieval of frequently accessed information.,153,77.3161
2,2,qwen3-235b-a22b:q4_k_m,55,A KV Cache is an in-memory key-value storage system optimized for rapid data retrieval by associating each cached item with a unique identifier (key) to enable efficient access and temporary storage of frequently used information.,230,102.4967
2,2,qwen3-235b-a22b:q4_k_m,56,A Key-Value (KV) Cache is a high-speed; in-memory data structure that stores information as associative key-value pairs; enabling rapid retrieval of frequently accessed or computationally expensive data while minimizing redundant operations or latency.,252,109.9219
2,2,qwen3-235b-a22b:q4_k_m,57,A KV (Key-Value) cache is a high-speed storage system that stores data as pairs of keys and associated values; enabling efficient lookup; insertion; and deletion operations using simple key-based addressing.,207,79.0301
2,2,qwen3-235b-a22b:q4_k_m,58,A KV Cache is an in-memory storage system that maps keys to values; enabling rapid data access and efficient memory use by temporarily holding frequently accessed items and evicting less-used ones based on policies like LRU.,224,113.2557
2,2,qwen3-235b-a22b:q4_k_m,59,A KV Cache is an in-memory key-value store that temporarily holds frequently accessed data; enabling rapid retrieval by associating each value with a unique key to reduce latency and backend load.,196,109.5953
2,2,qwen3-235b-a22b:q4_k_m,60,A KV (Key-Value) Cache is a high-speed temporary storage system that maps unique keys to their corresponding values; enabling rapid data retrieval by storing frequently accessed or precomputed results.,201,73.5771
2,3,qwen3-235b-a22b:q4_k_m,1,A KV (Key-Value) Cache is a high-performance temporary storage mechanism that stores data as key-value pairs; enabling rapid retrieval of frequently accessed information by mapping unique keys to their corresponding values in memory or fast-access storage.,256,66.9951
2,3,qwen3-235b-a22b:q4_k_m,2,A KV Cache is an in-memory storage mechanism that uses key-value pairs to quickly store and retrieve data; optimizing performance by reducing redundant computations or slower disk/database accesses.,198,84.5751
2,3,qwen3-235b-a22b:q4_k_m,3,A KV Cache (Key-Value Cache) is a temporary storage system that stores and retrieves data using key-value pairs; optimizing quick access to frequently used information.,168,91.2555
2,3,qwen3-235b-a22b:q4_k_m,4,A Key-Value (KV) cache is a high-speed temporary storage system that maps unique keys to associated values; enabling rapid data retrieval and reducing latency by prioritizing frequently accessed information in memory.,217,100.052
2,3,qwen3-235b-a22b:q4_k_m,5,A KV (Key-Value) cache is a high-speed temporary storage system that stores data as key-value pairs; enabling efficient data retrieval and reduced latency by keeping frequently accessed information readily available in memory.,226,57.8902
2,3,qwen3-235b-a22b:q4_k_m,6,A KV (Key-Value) Cache is a memory optimization in transformer models that stores precomputed key-value pairs from attention layers to avoid redundant computations during autoregressive sequence generation; improving efficiency by reusing cached results for subsequent tokens.,276,67.2439
2,3,qwen3-235b-a22b:q4_k_m,7,KV Cache is a memory optimization technique in transformer models that caches previously computed key-value pairs during attention computations to reduce redundant calculations and accelerate autoregressive sequence generation.,227,97.0938
2,3,qwen3-235b-a22b:q4_k_m,8,A KV Cache is a high-speed; in-memory key-value store designed to temporarily hold frequently accessed data; enabling rapid lookup and reduced latency by associating unique keys with their corresponding values.,210,96.2627
2,3,qwen3-235b-a22b:q4_k_m,9,A KV (Key-Value) Cache is a high-speed; temporary storage mechanism that maps unique keys to associated values; enabling rapid data retrieval and reducing latency for frequently accessed information.,199,99.1614
2,3,qwen3-235b-a22b:q4_k_m,10,A KV Cache is a high-speed; in-memory storage system that temporarily retains key-value pairs to enable rapid data access by key; often using eviction strategies like LRU to manage limited space when the cache reaches capacity.,227,91.0858
2,3,qwen3-235b-a22b:q4_k_m,11,A KV (Key-Value) cache is a high-speed data storage layer that stores information as key-value pairs; enabling rapid retrieval of frequently accessed data using unique keys to minimize latency.,193,49.5546
2,3,qwen3-235b-a22b:q4_k_m,12,A KV (Key-Value) Cache in Transformer models stores previously computed key-value pairs during attention operations to avoid redundant computations; accelerating sequence generation by reusing cached context instead of recalculating it for each new token.,255,65.9142
2,3,qwen3-235b-a22b:q4_k_m,13,A KV Cache is a high-speed temporary storage mechanism that maps keys to precomputed values; enabling efficient retrieval of frequently accessed or resource-intensive data by avoiding redundant computations or database queries.,227,67.4792
2,3,qwen3-235b-a22b:q4_k_m,14,A **KV Cache** is a high-speed storage mechanism that temporarily stores data as key-value pairs in memory; enabling rapid retrieval of frequently accessed or computationally expensive results by mapping unique keys to their corresponding values.,246,69.1667
2,3,qwen3-235b-a22b:q4_k_m,15,A KV Cache is a high-speed temporary storage system that organizes data as key-value pairs; enabling efficient lookup and rapid retrieval of frequently accessed information using unique keys.,191,103.8399
2,3,qwen3-235b-a22b:q4_k_m,16,A KV Cache is a high-speed in-memory storage system that temporarily holds data as key-value pairs; enabling rapid access and efficient management of frequently retrieved information by associating each value with a unique identifier (key).,240,82.5139
2,3,qwen3-235b-a22b:q4_k_m,17,A Key-Value (KV) Cache is a high-speed in-memory data store that maps keys to values; enabling rapid access to frequently used information by temporarily holding it closer to the application; thereby reducing latency compared to slower backend systems.,252,106.0643
2,3,qwen3-235b-a22b:q4_k_m,18,A KV Cache is an in-memory storage system that optimizes data retrieval by caching key-value pairs; enabling fast access to frequently used information through direct key lookups.,179,89.9731
2,3,qwen3-235b-a22b:q4_k_m,19,A KV (Key-Value) cache is a high-speed temporary storage system that maps unique keys to associated values; optimizing data retrieval by prioritizing frequently accessed items while managing limited memory through eviction strategies like LRU.,243,71.7559
2,3,qwen3-235b-a22b:q4_k_m,20,A KV Cache is a high-speed temporary storage mechanism that uses key-value pairs to store and rapidly retrieve frequently accessed data; minimizing redundant computations and accelerating system performance.,207,106.0301
2,3,qwen3-235b-a22b:q4_k_m,21,A KV (Key-Value) cache is a high-speed temporary storage system that stores data as key-value pairs; enabling rapid access and efficient management of frequently used information by evicting less relevant entries when capacity limits are reached.,246,75.939
2,3,qwen3-235b-a22b:q4_k_m,22,A KV Cache is a high-speed in-memory storage system that caches frequently accessed data as key-value pairs to enable rapid retrieval and reduce latency.,153,74.7827
2,3,qwen3-235b-a22b:q4_k_m,23,A KV (Key-Value) Cache is a high-speed; in-memory data storage system that stores and retrieves information using unique keys; optimizing quick access to frequently used data while reducing latency compared to slower disk-based or networked storage.,249,73.1381
2,3,qwen3-235b-a22b:q4_k_m,24,A Key-Value (KV) Cache is a fast; temporary storage system that maps unique keys to their corresponding values; enabling efficient retrieval of frequently accessed data while minimizing redundant computation or slower backend queries.,234,94.0572
2,3,qwen3-235b-a22b:q4_k_m,25,A KV (Key-Value) Cache is a high-speed temporary storage system that maps keys to associated values; enabling rapid data retrieval by storing frequently accessed or computationally expensive results; thereby minimizing redundant processing or slower backend queries.,266,79.2102
2,3,qwen3-235b-a22b:q4_k_m,26,A **KV Cache** is a high-speed in-memory storage system that temporarily retains key-value pairs to accelerate data retrieval by serving frequent or recent requests directly from memory; bypassing slower disk or database queries.,229,101.0491
2,3,qwen3-235b-a22b:q4_k_m,27,A KV Cache is a temporary storage system that stores data as key-value pairs to enable fast retrieval by associating each value with a unique identifier (key); optimizing performance by reducing redundant computations or database queries.,238,101.5894
2,3,qwen3-235b-a22b:q4_k_m,28,A Key-Value (KV) Cache is a high-speed; in-memory storage system that uses key-value pairs to enable rapid retrieval and efficient management of frequently accessed or computed data.,182,96.1396
2,3,qwen3-235b-a22b:q4_k_m,29,A KV Cache is a high-speed in-memory key-value store used to temporarily hold frequently accessed data; enabling rapid retrieval via unique keys while reducing latency by minimizing slower backend storage accesses.,214,71.764
2,3,qwen3-235b-a22b:q4_k_m,30,A KV Cache is a high-speed; in-memory storage system that maps unique keys to their corresponding values; enabling rapid data retrieval by temporarily holding frequently accessed key-value pairs to reduce latency and optimize performance.,238,81.9514
2,3,qwen3-235b-a22b:q4_k_m,31,A KV (Key-Value) Cache is a high-speed; temporary storage mechanism that stores and retrieves data as key-value pairs; optimizing access latency by retaining frequently used items in memory and evicting less relevant ones using strategies like LRU or LFU.,255,79.0067
2,3,qwen3-235b-a22b:q4_k_m,32,A KV Cache is a high-speed; temporary storage mechanism that maps keys to values; enabling rapid access and efficient management of frequently used data through direct key-based lookups.,186,93.2436
2,3,qwen3-235b-a22b:q4_k_m,33,A KV Cache is a high-speed temporary storage system that stores data as key-value pairs to enable fast access and minimize redundant computations or database queries through efficient key-based lookups.,202,75.4749
2,3,qwen3-235b-a22b:q4_k_m,34,A KV Cache is a high-speed temporary storage system that maps unique keys to their corresponding values; enabling rapid data retrieval by directly accessing stored key-value pairs instead of slower primary databases.,216,100.3917
2,3,qwen3-235b-a22b:q4_k_m,35,A KV (Key-Value) cache is a high-performance; in-memory storage mechanism that temporarily holds frequently accessed data as key-value pairs; enabling rapid retrieval by key while minimizing computational overhead.,214,59.0043
2,3,qwen3-235b-a22b:q4_k_m,36,A KV Cache is a high-speed storage mechanism that maps unique keys to associated values; enabling efficient data retrieval by caching frequently accessed key-value pairs in memory or fast storage.,196,54.5979
2,3,qwen3-235b-a22b:q4_k_m,37,A KV Cache is an in-memory storage system that temporarily holds key-value pairs to accelerate data retrieval by serving frequent queries faster than slower backend storage.,173,89.2476
2,3,qwen3-235b-a22b:q4_k_m,38,A KV Cache (Key-Value Cache) is a fast; temporary storage mechanism that stores data as key-value pairs; enabling quick retrieval of frequently accessed information by directly mapping keys to their cached values.,213,100.6998
2,3,qwen3-235b-a22b:q4_k_m,39,A KV (Key-Value) Cache is a high-speed; temporary storage system that maps unique keys to their corresponding values; enabling efficient data retrieval and reducing redundant computation or database queries.,207,85.1417
2,3,qwen3-235b-a22b:q4_k_m,40,A KV Cache is an in-memory key-value storage system optimized for ultra-fast data retrieval by associating unique keys with their corresponding values; minimizing latency through efficient caching mechanisms.,208,101.8444
2,3,qwen3-235b-a22b:q4_k_m,41,A KV (Key-Value) Cache is a high-speed temporary storage mechanism that stores data as key-value pairs; enabling fast access and retrieval by associating each value with a unique identifier (key).,196,88.1909
2,3,qwen3-235b-a22b:q4_k_m,42,A KV Cache is an in-memory data storage system that uses key-value pairs to enable fast retrieval of frequently accessed information by associating each value with a unique identifier (key).,190,78.9974
2,3,qwen3-235b-a22b:q4_k_m,43,KV Cache (Key-Value Cache) stores precomputed key-value pairs from previous attention layers to avoid redundant computation during autoregressive sequence generation in models like Transformers.,194,78.1392
2,3,qwen3-235b-a22b:q4_k_m,44,A KV (Key-Value) Cache is a high-speed; temporary storage system that maps keys to values for quick lookup and efficient retrieval of frequently accessed data.,159,89.0695
2,3,qwen3-235b-a22b:q4_k_m,45,A KV (Key-Value) Cache is a fast; temporary storage system that maps unique keys to associated values; enabling rapid access and retrieval of frequently used data by leveraging direct key-based lookups.,202,98.6406
2,3,qwen3-235b-a22b:q4_k_m,46,A KV Cache is a high-speed temporary storage system that stores data as key-value pairs to enable rapid access and retrieval; typically keeping frequently used items in memory for optimized performance.,202,92.6578
2,3,qwen3-235b-a22b:q4_k_m,47,A KV Cache is a high-speed; temporary storage system that uses key-value pairs to efficiently store and quickly retrieve frequently accessed data; enhancing performance by reducing reliance on slower primary storage.,216,62.267
2,3,qwen3-235b-a22b:q4_k_m,48,KV Cache is a memory optimization in transformer models that caches key-value pairs from previous attention computations to avoid recomputing them for subsequent tokens; accelerating sequence generation.,203,65.886
2,3,qwen3-235b-a22b:q4_k_m,49,A KV Cache is a high-performance; temporary storage mechanism that organizes data as key-value pairs; allowing rapid access and retrieval of frequently used information using unique keys.,187,76.1385
2,3,qwen3-235b-a22b:q4_k_m,50,A KV Cache is a high-speed; in-memory key-value store that temporarily retains frequently accessed data using eviction strategies like LRU or FIFO to accelerate data retrieval by prioritizing recently or commonly used items.,224,99.3461
2,3,qwen3-235b-a22b:q4_k_m,51,A KV Cache is a high-speed; in-memory storage system that maps data to unique keys; enabling rapid retrieval of frequently accessed values by directly referencing their associated keys.,185,82.3215
2,3,qwen3-235b-a22b:q4_k_m,52,A Key-Value (KV) Cache is a high-speed data storage system that maps unique keys to their corresponding values; enabling rapid access and temporary retention of frequently used information in applications like databases and distributed systems.,244,72.6661
2,3,qwen3-235b-a22b:q4_k_m,53,A KV cache (Key-Value Cache) is a high-speed data storage system that maps unique keys to their corresponding values; enabling efficient read/write operations by directly accessing stored information via keys rather than scanning entire datasets.,246,67.713
2,3,qwen3-235b-a22b:q4_k_m,54,A Key-Value (KV) Cache is a high-speed temporary storage mechanism that maps keys to associated values; enabling efficient data retrieval by caching frequently accessed or computationally expensive results to reduce redundant operations and latency.,249,105.8239
2,3,qwen3-235b-a22b:q4_k_m,55,A KV Cache (Key-Value Cache) is a high-speed; in-memory data store that temporarily holds frequently accessed information as key-value pairs to reduce latency and improve performance by avoiding slower disk or database queries.,227,76.1386
2,3,qwen3-235b-a22b:q4_k_m,56,A KV Cache is a high-speed temporary storage mechanism that maps keys to values; enabling efficient data retrieval by caching frequently accessed or resource-intensive query results.,182,79.6123
2,3,qwen3-235b-a22b:q4_k_m,57,A KV Cache (Key-Value Cache) is a high-speed; in-memory storage system that maps unique keys to associated values; enabling rapid data retrieval by minimizing latency through direct key-based lookups.,200,79.4275
2,3,qwen3-235b-a22b:q4_k_m,58,A KV (Key-Value) Cache is a high-speed; in-memory data structure that stores information as key-value pairs; enabling rapid retrieval and temporary storage of frequently accessed data to optimize performance.,208,99.0454
2,3,qwen3-235b-a22b:q4_k_m,59,A KV Cache (Key-Value Cache) is a high-speed temporary storage system that maps unique keys to associated values; enabling rapid data retrieval by storing frequently accessed information in memory to reduce latency and backend load.,232,83.2548
2,3,qwen3-235b-a22b:q4_k_m,60,A KV Cache is a fast; temporary storage system that maps keys to values for quick data retrieval; optimizing performance by keeping frequently accessed items readily available.,176,94.5731
